TradDt,BizDt,Sgmt,Src,FinInstrmTp,FinInstrmId,ISIN,TckrSymb,SctySrs,XpryDt,FininstrmActlXpryDt,StrkPric,OptnTp,FinInstrmNm,OpnPric,HghPric,LwPric,ClsPric,LastPric,PrvsClsgPric,UndrlygPric,SttlmPric,OpnIntrst,ChngInOpnIntrst,TtlTradgVol,TtlTrfVal,TtlNbOfTxsExctd,SsnId,NewBrdLotQty,Rmks,Rsvd1,Rsvd2,Rsvd3,Rsvd4
2026-04-23,2026-04-23,FO,NSE,STO,175676,,TITAN,,2026-05-26,2026-05-26,4850.00,CE,TITAN26MAY4850CE,0.00,0.00,0.00,53.00,53.00,53.00,4456.60,35.65,175,0,0,0.00,0,F1,175,,,,,
2026-04-23,2026-04-23,FO,NSE,STO,175672,,TITAN,,2026-05-26,2026-05-26,4700.00,CE,TITAN26MAY4700CE,68.10,76.00,63.60,71.60,72.80,70.95,4456.60,71.60,27825,14700,176,146966618.75,130,F1,175,,,,,
2026-04-23,2026-04-23,FO,NSE,STO,175656,,TITAN,,2026-05-26,2026-05-26,4150.00,CE,TITAN26MAY4150CE,0.00,0.00,0.00,101.00,0.00,101.00,4456.60,364.40,0,0,0,0.00,0,F1,175,,,,,
2026-04-23,2026-04-23,FO,NSE,STO,175636,,TITAN,,2026-05-26,2026-05-26,3500.00,CE,TITAN26MAY3500CE,0.00,0.00,0.00,1030.00,1030.00,1030.00,4456.60,976.40,175,0,0,0.00,0,F1,175,,,,,
2026-04-23,2026-04-23,FO,NSE,STO,175588,,TITAN,,2026-04-28,2026-04-28,4950.00,CE,TITAN26APR4950CE,0.60,0.60,0.35,0.60,0.60,2.30,4456.60,0.05,8750,-175,10,8663348.75,7,F1,175,,,,,
2026-04-23,2026-04-23,FO,NSE,STO,161268,,TITAN,,2026-04-28,2026-04-28,4900.00,CE,TITAN26APR4900CE,0.45,1.05,0.45,0.70,0.55,0.70,4456.60,0.70,40250,-28000,542,464832488.75,429,F1,175,,,,,
2026-04-23,2026-04-23,FO,NSE,STO,161107,,TITAN,,2026-04-28,2026-04-28,3940.00,PE,TITAN26APR3940PE,0.65,0.70,0.65,0.70,0.70,2.90,4456.60,0.00,5425,-175,12,8275382.50,6,F1,175,,,,,
2026-04-23,2026-04-23,FO,NSE,STO,175752,,TITAN,,2026-06-30,2026-06-30,5200.00,CE,TITAN26JUN5200CE,0.00,0.00,0.00,5.90,0.00,5.90,4456.60,32.70,0,0,0,0.00,0,F1,175,,,,,
2026-04-23,2026-04-23,FO,NSE,STO,170523,,TITAN,,2026-04-28,2026-04-28,4200.00,PE,TITAN26APR4200PE,6.05,6.05,2.15,2.75,3.05,4.20,4456.60,2.75,277025,-19775,588,432561920.00,454,F1,175,,,,,
2026-04-23,2026-04-23,FO,NSE,STO,175747,,TITAN,,2026-06-30,2026-06-30,4900.00,PE,TITAN26JUN4900PE,0.00,0.00,0.00,878.05,0.00,878.05,4456.60,467.05,0,0,0,0.00,0,F1,175,,,,,
2026-04-23,2026-04-23,FO,NSE,STO,170511,,TITAN,,2026-04-28,2026-04-28,3960.00,PE,TITAN26APR3960PE,0.70,1.10,0.70,0.95,0.95,3.20,4456.60,0.00,13825,-5250,136,94267670.00,116,F1,175,,,,,
2026-04-23,2026-04-23,FO,NSE,STO,161483,,TITAN,,2026-05-26,2026-05-26,4400.00,PE,TITAN26MAY4400PE,124.95,137.40,111.00,120.30,122.45,112.40,4456.60,120.30,36225,6650,207,163870892.50,167,F1,175,,,,,
2026-04-23,2026-04-23,FO,NSE,STO,175665,,TITAN,,2026-05-26,2026-05-26,4450.00,PE,TITAN26MAY4450PE,137.95,144.25,133.50,140.65,142.50,137.95,4456.60,140.65,7525,5950,52,41772753.75,47,F1,175,,,,,
2026-04-23,2026-04-23,FO,NSE,STO,175677,,TITAN,,2026-05-26,2026-05-26,4850.00,PE,TITAN26MAY4850PE,0.00,0.00,0.00,850.35,0.00,850.35,4456.60,401.80,0,0,0,0.00,0,F1,175,,,,,
2026-04-23,2026-04-23,FO,NSE,STO,175683,,TITAN,,2026-05-26,2026-05-26,5050.00,PE,TITAN26MAY5050PE,0.00,0.00,0.00,1044.65,0.00,1044.65,4456.60,578.55,0,0,0,0.00,0,F1,175,,,,,
2026-04-23,2026-04-23,FO,NSE,STO,175739,,TITAN,,2026-06-30,2026-06-30,4500.00,PE,TITAN26JUN4500PE,0.00,0.00,0.00,528.95,0.00,528.95,4456.60,208.15,0,0,0,0.00,0,F1,175,,,,,
2026-04-23,2026-04-23,FO,NSE,STO,175590,,TITAN,,2026-04-28,2026-04-28,5050.00,CE,TITAN26APR5050CE,0.00,0.00,0.00,0.75,0.75,0.75,4456.60,0.00,6125,0,0,0.00,0,F1,175,,,,,
2026-04-23,2026-04-23,FO,NSE,STO,175730,,TITAN,,2026-06-30,2026-06-30,4100.00,CE,TITAN26JUN4100CE,0.00,0.00,0.00,174.50,0.00,174.50,4456.60,465.75,0,0,0,0.00,0,F1,175,,,,,
2026-04-23,2026-04-23,FO,NSE,STO,51165,,TITAN,,2026-04-28,2026-04-28,4840.00,CE,TITAN26APR4840CE,1.55,1.55,0.60,0.95,0.95,1.55,4456.60,0.30,16625,-350,14,11860598.75,10,F1,175,,,,,
2026-04-23,2026-04-23,FO,NSE,STO,170544,,TITAN,,2026-04-28,2026-04-28,4640.00,CE,TITAN26APR4640CE,3.00,6.75,2.95,5.05,4.60,7.35,4456.60,5.05,11725,-4025,129,104853376.25,115,F1,175,,,,,
2026-04-23,2026-04-23,FO,NSE,STO,161132,,TITAN,,2026-04-28,2026-04-28,4460.00,CE,TITAN26APR4460CE,54.00,56.30,27.25,44.40,42.00,53.70,4456.60,44.40,33950,-18025,883,696105690.00,783,F1,175,,,,,
2026-04-23,2026-04-23,FO,NSE,STO,175648,,TITAN,,2026-05-26,2026-05-26,3900.00,CE,TITAN26MAY3900CE,0.00,0.00,0.00,631.45,631.45,631.45,4456.60,585.40,525,0,0,0.00,0,F1,175,,,,,
2026-04-23,2026-04-23,FO,NSE,STO,161482,,TITAN,,2026-05-26,2026-05-26,4400.00,CE,TITAN26MAY4400CE,171.00,208.00,164.00,200.00,200.00,200.95,4456.60,200.00,9100,3850,73,58579920.00,58,F1,175,,,,,
2026-04-23,2026-04-23,FO,NSE,STO,161502,,TITAN,,2026-05-26,2026-05-26,4800.00,CE,TITAN26MAY4800CE,47.15,52.30,36.70,48.10,48.55,45.85,4456.60,48.10,32025,1400,79,66981748.75,60,F1,175,,,,,
2026-04-23,2026-04-23,FO,NSE,STO,175720,,TITAN,,2026-06-30,2026-06-30,3600.00,CE,TITAN26JUN3600CE,0.00,0.00,0.00,470.95,0.00,470.95,4456.60,903.70,0,0,0,0.00,0,F1,175,,,,,
2026-04-23,2026-04-23,FO,NSE,STO,161118,,TITAN,,2026-04-28,2026-04-28,4180.00,CE,TITAN26APR4180CE,0.00,0.00,0.00,289.25,289.25,289.25,4456.60,281.15,23100,0,0,0.00,0,F1,175,,,,,
2026-04-23,2026-04-23,FO,NSE,STO,170492,,TITAN,,2026-04-28,2026-04-28,3600.00,CE,TITAN26APR3600CE,0.00,0.00,0.00,492.25,0.00,492.25,4456.60,859.50,0,0,0,0.00,0,F1,175,,,,,
2026-04-23,2026-04-23,FO,NSE,STO,175727,,TITAN,,2026-06-30,2026-06-30,3900.00,PE,TITAN26JUN3900PE,0.00,0.00,0.00,149.85,0.00,149.85,4456.60,27.20,0,0,0,0.00,0,F1,175,,,,,
2026-04-23,2026-04-23,FO,NSE,STO,175685,,TITAN,,2026-05-26,2026-05-26,5100.00,PE,TITAN26MAY5100PE,0.00,0.00,0.00,1093.65,0.00,1093.65,4456.60,625.15,0,0,0,0.00,0,F1,175,,,,,
2026-04-23,2026-04-23,FO,NSE,STO,175566,,TITAN,,2026-04-28,2026-04-28,3850.00,CE,TITAN26APR3850CE,0.00,0.00,0.00,185.50,0.00,185.50,4456.60,609.70,0,0,0,0.00,0,F1,175,,,,,
2026-04-23,2026-04-23,FO,NSE,STO,161100,,TITAN,,2026-04-28,2026-04-28,3820.00,CE,TITAN26APR3820CE,0.00,0.00,0.00,436.60,436.60,436.60,4456.60,639.65,5950,0,0,0.00,0,F1,175,,,,,
2026-04-23,2026-04-23,FO,NSE,STO,170490,,TITAN,,2026-04-28,2026-04-28,3560.00,CE,TITAN26APR3560CE,0.00,0.00,0.00,970.00,970.00,970.00,4456.60,899.45,0,0,0,0.00,0,F1,175,,,,,
2026-04-23,2026-04-23,FO,NSE,STO,161513,,TITAN,,2026-05-26,2026-05-26,5000.00,PE,TITAN26MAY5000PE,0.00,0.00,0.00,495.00,495.00,495.00,4456.60,532.75,1925,0,0,0.00,0,F1,175,,,,,
2026-04-23,2026-04-23,FO,NSE,STO,161440,,TITAN,,2026-05-26,2026-05-26,3600.00,CE,TITAN26MAY3600CE,0.00,0.00,0.00,765.70,0.00,765.70,4456.60,877.30,0,0,0,0.00,0,F1,175,,,,,
2026-04-23,2026-04-23,FO,NSE,STO,48837,,TITAN,,2026-04-28,2026-04-28,4760.00,CE,TITAN26APR4760CE,1.00,1.80,1.00,1.50,1.50,1.85,4456.60,1.50,4725,-1050,29,24163938.75,29,F1,175,,,,,
2026-04-23,2026-04-23,FO,NSE,STO,175642,,TITAN,,2026-05-26,2026-05-26,3700.00,CE,TITAN26MAY3700CE,0.00,0.00,0.00,344.75,0.00,344.75,4456.60,778.65,0,0,0,0.00,0,F1,175,,,,,
2026-04-23,2026-04-23,FO,NSE,STO,175726,,TITAN,,2026-06-30,2026-06-30,3900.00,CE,TITAN26JUN3900CE,0.00,0.00,0.00,271.10,0.00,271.10,4456.60,628.85,0,0,0,0.00,0,F1,175,,,,,
2026-04-23,2026-04-23,FO,NSE,STO,175744,,TITAN,,2026-06-30,2026-06-30,4800.00,CE,TITAN26JUN4800CE,0.00,0.00,0.00,24.05,0.00,24.05,4456.60,104.80,0,0,0,0.00,0,F1,175,,,,,
2026-04-23,2026-04-23,FO,NSE,STO,64860,,TITAN,,2026-04-28,2026-04-28,3340.00,PE,TITAN26APR3340PE,0.05,0.20,0.05,0.05,0.05,0.30,4456.60,0.05,18375,-175,28,16366271.25,22,F1,175,,,,,
2026-04-23,2026-04-23,FO,NSE,STO,170483,,TITAN,,2026-04-28,2026-04-28,3400.00,PE,TITAN26APR3400PE,0.65,0.65,0.35,0.35,0.35,0.30,4456.60,0.00,7350,525,8,4760656.25,5,F1,175,,,,,
2026-04-23,2026-04-23,FO,NSE,STO,175581,,TITAN,,2026-04-28,2026-04-28,4550.00,PE,TITAN26APR4550PE,138.95,154.00,98.45,113.65,116.10,112.45,4456.60,113.65,60375,-7175,274,223718897.50,270,F1,175,,,,,
2026-04-23,2026-04-23,FO,NSE,STO,175655,,TITAN,,2026-05-26,2026-05-26,4100.00,PE,TITAN26MAY4100PE,36.90,39.60,36.90,39.10,39.10,43.55,4456.60,26.05,2800,350,6,4345897.50,6,F1,175,,,,,
2026-04-23,2026-04-23,FO,NSE,STO,161503,,TITAN,,2026-05-26,2026-05-26,4800.00,PE,TITAN26MAY4800PE,0.00,0.00,0.00,496.35,0.00,496.35,4456.60,360.85,0,0,0,0.00,0,F1,175,,,,,
2026-04-23,2026-04-23,FO,NSE,STO,175582,,TITAN,,2026-04-28,2026-04-28,4650.00,CE,TITAN26APR4650CE,3.15,5.90,2.70,4.40,4.10,6.50,4456.60,4.40,18725,-7175,375,305428410.00,333,F1,175,,,,,
2026-04-23,2026-04-23,FO,NSE,STO,161110,,TITAN,,2026-04-28,2026-04-28,4020.00,CE,TITAN26APR4020CE,0.00,0.00,0.00,506.75,506.75,506.75,4456.60,439.85,9800,0,0,0.00,0,F1,175,,,,,
2026-04-23,2026-04-23,FO,NSE,STO,170514,,TITAN,,2026-04-28,2026-04-28,4040.00,CE,TITAN26APR4040CE,378.85,400.50,378.85,400.50,400.50,450.85,4456.60,419.90,90300,0,2,1550386.25,2,F1,175,,,,,
2026-04-23,2026-04-23,FO,NSE,STO,161128,,TITAN,,2026-04-28,2026-04-28,4380.00,CE,TITAN26APR4380CE,80.00,89.00,80.00,89.00,89.00,181.00,4456.60,105.95,8750,-175,3,2344650.00,2,F1,175,,,,,
2026-04-23,2026-04-23,FO,NSE,STO,161120,,TITAN,,2026-04-28,2026-04-28,4220.00,CE,TITAN26APR4220CE,225.00,250.00,225.00,242.95,236.00,273.85,4456.60,242.95,32550,-17325,99,77311237.50,16,F1,175,,,,,
2026-04-23,2026-04-23,FO,NSE,STO,170497,,TITAN,,2026-04-28,2026-04-28,3680.00,PE,TITAN26APR3680PE,0.20,0.20,0.20,0.20,0.20,0.20,4456.60,0.20,16625,-525,12,7728420.00,8,F1,175,,,,,
2026-04-23,2026-04-23,FO,NSE,STO,175674,,TITAN,,2026-05-26,2026-05-26,4750.00,CE,TITAN26MAY4750CE,0.00,0.00,0.00,8.85,0.00,8.85,4456.60,55.10,0,0,0,0.00,0,F1,175,,,,,
2026-04-23,2026-04-23,FO,NSE,STO,161472,,TITAN,,2026-05-26,2026-05-26,4200.00,CE,TITAN26MAY4200CE,330.00,345.00,322.00,339.00,339.00,343.00,4456.60,325.10,14700,875,7,5551201.25,6,F1,175,,,,,
2026-04-23,2026-04-23,FO,NSE,STO,161452,,TITAN,,2026-05-26,2026-05-26,3800.00,CE,TITAN26MAY3800CE,0.00,0.00,0.00,588.80,0.00,588.80,4456.60,681.05,0,0,0,0.00,0,F1,175,,,,,
2026-04-23,2026-04-23,FO,NSE,STO,175644,,TITAN,,2026-05-26,2026-05-26,3750.00,CE,TITAN26MAY3750CE,0.00,0.00,0.00,308.55,0.00,308.55,4456.60,729.65,0,0,0,0.00,0,F1,175,,,,,
2026-04-23,2026-04-23,FO,NSE,STO,170540,,TITAN,,2026-04-28,2026-04-28,4560.00,CE,TITAN26APR4560CE,8.00,18.50,7.15,14.10,12.40,19.30,4456.60,14.10,87325,-1225,489,391363026.25,443,F1,175,,,,,
2026-04-23,2026-04-23,FO,NSE,STO,170508,,TITAN,,2026-04-28,2026-04-28,3920.00,CE,TITAN26APR3920CE,0.00,0.00,0.00,226.15,226.15,226.15,4456.60,539.75,7175,0,0,0.00,0,F1,175,,,,,
2026-04-23,2026-04-23,FO,NSE,STO,175731,,TITAN,,2026-06-30,2026-06-30,4100.00,PE,TITAN26JUN4100PE,0.00,0.00,0.00,249.65,0.00,249.65,4456.60,61.85,0,0,0,0.00,0,F1,175,,,,,
2026-04-23,2026-04-23,FO,NSE,STO,175729,,TITAN,,2026-06-30,2026-06-30,4000.00,PE,TITAN26JUN4000PE,0.00,0.00,0.00,54.00,54.00,54.00,4456.60,41.90,175,0,0,0.00,0,F1,175,,,,,
2026-04-23,2026-04-23,FO,NSE,STO,175675,,TITAN,,2026-05-26,2026-05-26,4750.00,PE,TITAN26MAY4750PE,323.05,323.05,323.00,323.00,323.00,754.90,4456.60,321.85,525,525,3,2663342.50,3,F1,175,,,,,
2026-04-23,2026-04-23,FO,NSE,STO,175671,,TITAN,,2026-05-26,2026-05-26,4650.00,PE,TITAN26MAY4650PE,0.00,0.00,0.00,661.25,0.00,661.25,4456.60,249.10,0,0,0,0.00,0,F1,175,,,,,
2026-04-23,2026-04-23,FO,NSE,STO,48838,,TITAN,,2026-04-28,2026-04-28,4760.00,PE,TITAN26APR4760PE,0.00,0.00,0.00,291.70,291.70,291.70,4456.60,300.90,875,0,0,0.00,0,F1,175,,,,,
2026-04-23,2026-04-23,FO,NSE,STO,175583,,TITAN,,2026-04-28,2026-04-28,4650.00,PE,TITAN26APR4650PE,0.00,0.00,0.00,674.45,0.00,674.45,4456.60,196.70,0,0,0,0.00,0,F1,175,,,,,
2026-04-23,2026-04-23,FO,NSE,STO,170533,,TITAN,,2026-04-28,2026-04-28,4400.00,PE,TITAN26APR4400PE,46.00,48.00,21.10,25.85,26.10,31.45,4456.60,25.85,282450,0,3773,2925209175.00,2837,F1,175,,,,,
2026-04-23,2026-04-23,FO,NSE,STO,161125,,TITAN,,2026-04-28,2026-04-28,4300.00,PE,TITAN26APR4300PE,13.95,14.90,5.70,7.40,7.50,10.25,4456.60,7.40,186375,-9625,1544,1164196766.25,1178,F1,175,,,,,
2026-04-23,2026-04-23,FO,NSE,STO,161119,,TITAN,,2026-04-28,2026-04-28,4180.00,PE,TITAN26APR4180PE,2.20,2.80,1.30,1.50,1.30,3.80,4456.60,1.50,16275,-1050,11,8049833.75,8,F1,175,,,,,
2026-04-23,2026-04-23,FO,NSE,STO,170503,,TITAN,,2026-04-28,2026-04-28,3800.00,PE,TITAN26APR3800PE,1.05,1.05,0.55,0.65,0.55,1.10,4456.60,0.65,68600,-3500,75,49884782.50,54,F1,175,,,,,
2026-04-23,2026-04-23,FO,NSE,STO,170509,,TITAN,,2026-04-28,2026-04-28,3920.00,PE,TITAN26APR3920PE,0.55,0.85,0.55,0.65,0.65,2.70,4456.60,0.00,3150,175,34,23328033.75,24,F1,175,,,,,
2026-04-23,2026-04-23,FO,NSE,STO,170507,,TITAN,,2026-04-28,2026-04-28,3880.00,PE,TITAN26APR3880PE,0.50,0.95,0.50,0.95,0.95,1.40,4456.60,0.00,11550,-2625,29,19694692.50,23,F1,175,,,,,
2026-04-23,2026-04-23,FO,NSE,STO,175567,,TITAN,,2026-04-28,2026-04-28,3850.00,PE,TITAN26APR3850PE,0.00,0.00,0.00,62.60,0.00,62.60,4456.60,0.00,0,0,0,0.00,0,F1,175,,,,,
2026-04-23,2026-04-23,FO,NSE,STO,175684,,TITAN,,2026-05-26,2026-05-26,5100.00,CE,TITAN26MAY5100CE,9.00,14.30,9.00,12.75,12.85,14.60,4456.60,12.75,16275,875,23,20580323.75,18,F1,175,,,,,
2026-04-23,2026-04-23,FO,NSE,STO,175664,,TITAN,,2026-05-26,2026-05-26,4450.00,CE,TITAN26MAY4450CE,165.00,182.20,156.25,168.05,167.00,165.00,4456.60,168.05,5775,3675,39,31527300.00,32,F1,175,,,,,
2026-04-23,2026-04-23,FO,NSE,STO,175662,,TITAN,,2026-05-26,2026-05-26,4350.00,CE,TITAN26MAY4350CE,0.00,0.00,0.00,49.55,0.00,49.55,4456.60,220.75,0,0,0,0.00,0,F1,175,,,,,
2026-04-23,2026-04-23,FO,NSE,STO,161138,,TITAN,,2026-04-28,2026-04-28,4580.00,CE,TITAN26APR4580CE,8.70,14.10,6.15,11.00,9.90,15.45,4456.60,11.00,15925,-1750,112,89976635.00,112,F1,175,,,,,
2026-04-23,2026-04-23,FO,NSE,STO,170534,,TITAN,,2026-04-28,2026-04-28,4440.00,CE,TITAN26APR4440CE,45.05,67.85,33.20,55.15,51.65,63.80,4456.60,55.15,61425,3675,1314,1033150238.75,1177,F1,175,,,,,
2026-04-23,2026-04-23,FO,NSE,STO,47944,,TITAN,,2026-04-28,2026-04-28,3500.00,CE,TITAN26APR3500CE,0.00,0.00,0.00,742.80,0.00,742.80,4456.60,959.40,0,0,0,0.00,0,F1,175,,,,,
2026-04-23,2026-04-23,FO,NSE,STO,175669,,TITAN,,2026-05-26,2026-05-26,4550.00,PE,TITAN26MAY4550PE,0.00,0.00,0.00,189.25,189.25,189.25,4456.60,185.65,2100,0,0,0.00,0,F1,175,,,,,
2026-04-23,2026-04-23,FO,NSE,STO,175653,,TITAN,,2026-05-26,2026-05-26,4050.00,PE,TITAN26MAY4050PE,0.00,0.00,0.00,46.70,46.70,46.70,4456.60,19.25,700,0,0,0.00,0,F1,175,,,,,
2026-04-23,2026-04-23,FO,NSE,STO,175573,,TITAN,,2026-04-28,2026-04-28,4150.00,PE,TITAN26APR4150PE,1.50,4.25,1.50,2.30,2.30,3.00,4456.60,0.65,22575,-2450,91,66128571.25,70,F1,175,,,,,
2026-04-23,2026-04-23,FO,NSE,STO,161111,,TITAN,,2026-04-28,2026-04-28,4020.00,PE,TITAN26APR4020PE,0.75,1.15,0.75,0.95,0.95,1.45,4456.60,0.05,12950,-875,25,17591673.75,25,F1,175,,,,,
2026-04-23,2026-04-23,FO,NSE,STO,175657,,TITAN,,2026-05-26,2026-05-26,4150.00,PE,TITAN26MAY4150PE,0.00,0.00,0.00,53.00,53.00,53.00,4456.60,34.50,1750,0,0,0.00,0,F1,175,,,,,
2026-04-23,2026-04-23,FO,NSE,STO,175661,,TITAN,,2026-05-26,2026-05-26,4300.00,PE,TITAN26MAY4300PE,87.00,93.35,77.00,80.80,83.00,78.55,4456.60,80.80,40950,4900,258,197923985.00,241,F1,175,,,,,
2026-04-23,2026-04-23,FO,NSE,STO,175725,,TITAN,,2026-06-30,2026-06-30,3800.00,PE,TITAN26JUN3800PE,0.00,0.00,0.00,111.10,0.00,111.10,4456.60,16.90,0,0,0,0.00,0,F1,175,,,,,
2026-04-23,2026-04-23,FO,NSE,STO,170516,,TITAN,,2026-04-28,2026-04-28,4080.00,CE,TITAN26APR4080CE,0.00,0.00,0.00,411.00,411.00,411.00,4456.60,380.00,178850,0,0,0.00,0,F1,175,,,,,
2026-04-23,2026-04-23,FO,NSE,STO,161104,,TITAN,,2026-04-28,2026-04-28,3900.00,CE,TITAN26APR3900CE,517.00,547.30,517.00,547.30,547.30,565.00,4456.60,559.70,51275,-875,6,4652252.50,3,F1,175,,,,,
2026-04-23,2026-04-23,FO,NSE,STO,170502,,TITAN,,2026-04-28,2026-04-28,3800.00,CE,TITAN26APR3800CE,0.00,0.00,0.00,704.00,704.00,704.00,4456.60,659.65,12950,0,0,0.00,0,F1,175,,,,,
2026-04-23,2026-04-23,FO,NSE,STO,170518,,TITAN,,2026-04-28,2026-04-28,4120.00,CE,TITAN26APR4120CE,0.00,0.00,0.00,356.05,356.05,356.05,4456.60,340.25,18725,0,0,0.00,0,F1,175,,,,,
2026-04-23,2026-04-23,FO,NSE,STO,175654,,TITAN,,2026-05-26,2026-05-26,4100.00,CE,TITAN26MAY4100CE,397.25,414.90,397.25,410.00,410.00,415.00,4456.60,410.00,3500,1050,7,5523358.75,5,F1,175,,,,,
2026-04-23,2026-04-23,FO,NSE,STO,175666,,TITAN,,2026-05-26,2026-05-26,4500.00,CE,TITAN26MAY4500CE,133.85,156.00,118.80,145.50,145.90,143.80,4456.60,145.50,78400,36575,670,544712708.75,577,F1,175,,,,,
2026-04-23,2026-04-23,FO,NSE,STO,175724,,TITAN,,2026-06-30,2026-06-30,3800.00,CE,TITAN26JUN3800CE,0.00,0.00,0.00,330.55,0.00,330.55,4456.60,717.35,0,0,0,0.00,0,F1,175,,,,,
2026-04-23,2026-04-23,FO,NSE,STO,175734,,TITAN,,2026-06-30,2026-06-30,4300.00,CE,TITAN26JUN4300CE,0.00,0.00,0.00,106.00,0.00,106.00,4456.60,326.85,0,0,0,0.00,0,F1,175,,,,,
2026-04-23,2026-04-23,FO,NSE,STO,161095,,TITAN,,2026-04-28,2026-04-28,3700.00,PE,TITAN26APR3700PE,0.65,0.70,0.45,0.45,0.45,0.70,4456.60,0.00,107800,-1575,24,15542450.00,21,F1,175,,,,,
2026-04-23,2026-04-23,FO,NSE,STO,170519,,TITAN,,2026-04-28,2026-04-28,4120.00,PE,TITAN26APR4120PE,2.40,2.40,1.15,1.35,2.15,2.40,4456.60,1.35,13650,2100,55,39673313.75,45,F1,175,,,,,
2026-04-23,2026-04-23,FO,NSE,STO,161131,,TITAN,,2026-04-28,2026-04-28,4420.00,PE,TITAN26APR4420PE,42.80,57.65,27.20,33.25,34.30,38.85,4456.60,33.25,57925,875,1150,897090495.00,1020,F1,175,,,,,
2026-04-23,2026-04-23,FO,NSE,STO,170543,,TITAN,,2026-04-28,2026-04-28,4600.00,PE,TITAN26APR4600PE,193.00,193.00,140.50,151.65,151.65,156.30,4456.60,151.65,19425,-4025,45,37524366.25,36,F1,175,,,,,
2026-04-23,2026-04-23,FO,NSE,STO,161269,,TITAN,,2026-04-28,2026-04-28,4900.00,PE,TITAN26APR4900PE,0.00,0.00,0.00,576.85,0.00,576.85,4456.60,439.60,0,0,0,0.00,0,F1,175,,,,,
2026-04-23,2026-04-23,FO,NSE,STO,170496,,TITAN,,2026-04-28,2026-04-28,3680.00,CE,TITAN26APR3680CE,0.00,0.00,0.00,423.60,423.75,423.60,4456.60,779.55,525,0,0,0.00,0,F1,175,,,,,
2026-04-23,2026-04-23,FO,NSE,STO,175650,,TITAN,,2026-05-26,2026-05-26,3950.00,CE,TITAN26MAY3950CE,0.00,0.00,0.00,185.80,0.00,185.80,4456.60,538.70,0,0,0,0.00,0,F1,175,,,,,
2026-04-23,2026-04-23,FO,NSE,STO,175651,,TITAN,,2026-05-26,2026-05-26,3950.00,PE,TITAN26MAY3950PE,0.00,0.00,0.00,140.75,0.00,140.75,4456.60,9.90,0,0,0,0.00,0,F1,175,,,,,
2026-04-23,2026-04-23,FO,NSE,STO,161136,,TITAN,,2026-04-28,2026-04-28,4540.00,CE,TITAN26APR4540CE,22.30,23.30,8.80,17.05,16.25,23.55,4456.60,17.05,206325,-8225,473,377082536.25,355,F1,175,,,,,
2026-04-23,2026-04-23,FO,NSE,STO,170526,,TITAN,,2026-04-28,2026-04-28,4280.00,CE,TITAN26APR4280CE,0.00,0.00,0.00,232.40,232.40,232.40,4456.60,186.90,19425,0,0,0.00,0,F1,175,,,,,
2026-04-23,2026-04-23,FO,NSE,STO,161122,,TITAN,,2026-04-28,2026-04-28,4260.00,CE,TITAN26APR4260CE,189.55,189.55,189.55,189.55,189.55,256.10,4456.60,205.05,71750,-175,1,778671.25,1,F1,175,,,,,
2026-04-23,2026-04-23,FO,NSE,STO,161112,,TITAN,,2026-04-28,2026-04-28,4060.00,CE,TITAN26APR4060CE,390.00,390.00,390.00,390.00,390.00,410.00,4456.60,390.00,8750,-175,1,778750.00,1,F1,175,,,,,
2026-04-23,2026-04-23,FO,NSE,STO,175743,,TITAN,,2026-06-30,2026-06-30,4700.00,PE,TITAN26JUN4700PE,0.00,0.00,0.00,697.60,0.00,697.60,4456.60,324.65,0,0,0,0.00,0,F1,175,,,,,
2026-04-23,2026-04-23,FO,NSE,STO,175741,,TITAN,,2026-06-30,2026-06-30,4600.00,PE,TITAN26JUN4600PE,0.00,0.00,0.00,611.50,0.00,611.50,4456.60,262.95,0,0,0,0.00,0,F1,175,,,,,
2026-04-23,2026-04-23,FO,NSE,STO,175735,,TITAN,,2026-06-30,2026-06-30,4300.00,PE,TITAN26JUN4300PE,0.00,0.00,0.00,377.55,0.00,377.55,4456.60,120.65,0,0,0,0.00,0,F1,175,,,,,
2026-04-23,2026-04-23,FO,NSE,STO,175733,,TITAN,,2026-06-30,2026-06-30,4200.00,PE,TITAN26JUN4200PE,0.00,0.00,0.00,310.35,0.00,310.35,4456.60,87.80,0,0,0,0.00,0,F1,175,,,,,
2026-04-23,2026-04-23,FO,NSE,STO,175659,,TITAN,,2026-05-26,2026-05-26,4250.00,PE,TITAN26MAY4250PE,67.00,68.70,64.65,66.35,68.00,65.15,4456.60,66.35,28350,1225,9,6799773.75,9,F1,175,,,,,
2026-04-23,2026-04-23,FO,NSE,STO,175649,,TITAN,,2026-05-26,2026-05-26,3900.00,PE,TITAN26MAY3900PE,0.00,0.00,0.00,118.35,0.00,118.35,4456.60,6.90,0,0,0,0.00,0,F1,175,,,,,
2026-04-23,2026-04-23,FO,NSE,STO,175591,,TITAN,,2026-04-28,2026-04-28,5050.00,PE,TITAN26APR5050PE,0.00,0.00,0.00,1070.45,0.00,1070.45,4456.60,589.40,0,0,0,0.00,0,F1,175,,,,,
2026-04-23,2026-04-23,FO,NSE,STO,161463,,TITAN,,2026-05-26,2026-05-26,4000.00,PE,TITAN26MAY4000PE,27.00,30.80,24.30,25.80,27.00,25.30,4456.60,25.80,93450,7875,262,184646297.50,191,F1,175,,,,,
2026-04-23,2026-04-23,FO,NSE,STO,175579,,TITAN,,2026-04-28,2026-04-28,4450.00,PE,TITAN26APR4450PE,58.00,76.95,39.10,47.65,46.85,52.60,4456.60,47.65,124425,-16450,1712,1348693605.00,1503,F1,175,,,,,
2026-04-23,2026-04-23,FO,NSE,STO,161473,,TITAN,,2026-05-26,2026-05-26,4200.00,PE,TITAN26MAY4200PE,65.95,65.95,52.85,56.90,58.00,53.00,4456.60,56.90,49525,8050,98,73047458.75,82,F1,175,,,,,
2026-04-23,2026-04-23,FO,NSE,STO,175681,,TITAN,,2026-05-26,2026-05-26,4950.00,PE,TITAN26MAY4950PE,0.00,0.00,0.00,947.10,0.00,947.10,4456.60,487.90,0,0,0,0.00,0,F1,175,,,,,
2026-04-23,2026-04-23,FO,NSE,STO,175749,,TITAN,,2026-06-30,2026-06-30,5000.00,PE,TITAN26JUN5000PE,0.00,0.00,0.00,971.20,0.00,971.20,4456.60,545.90,0,0,0,0.00,0,F1,175,,,,,
2026-04-23,2026-04-23,FO,NSE,STO,170512,,TITAN,,2026-04-28,2026-04-28,4000.00,CE,TITAN26APR4000CE,406.00,463.50,406.00,462.35,462.35,460.80,4456.60,462.35,131075,-2450,23,17893513.75,21,F1,175,,,,,
2026-04-23,2026-04-23,FO,NSE,STO,175682,,TITAN,,2026-05-26,2026-05-26,5050.00,CE,TITAN26MAY5050CE,0.00,0.00,0.00,28.45,28.45,28.45,4456.60,13.55,2625,0,0,0.00,0,F1,175,,,,,
2026-04-23,2026-04-23,FO,NSE,STO,175564,,TITAN,,2026-04-28,2026-04-28,3750.00,CE,TITAN26APR3750CE,0.00,0.00,0.00,256.75,0.00,256.75,4456.60,709.60,0,0,0,0.00,0,F1,175,,,,,
2026-04-23,2026-04-23,FO,NSE,STO,161094,,TITAN,,2026-04-28,2026-04-28,3700.00,CE,TITAN26APR3700CE,0.00,0.00,0.00,835.00,835.00,835.00,4456.60,759.55,17500,0,0,0.00,0,F1,175,,,,,
2026-04-23,2026-04-23,FO,NSE,STO,170488,,TITAN,,2026-04-28,2026-04-28,3520.00,CE,TITAN26APR3520CE,0.00,0.00,0.00,679.75,679.75,679.75,4456.60,939.40,1225,0,0,0.00,0,F1,175,,,,,
2026-04-23,2026-04-23,FO,NSE,STO,175679,,TITAN,,2026-05-26,2026-05-26,4900.00,PE,TITAN26MAY4900PE,0.00,0.00,0.00,898.60,0.00,898.60,4456.60,444.20,0,0,0,0.00,0,F1,175,,,,,
2026-04-23,2026-04-23,FO,NSE,STO,175673,,TITAN,,2026-05-26,2026-05-26,4700.00,PE,TITAN26MAY4700PE,300.00,300.00,288.00,288.00,288.00,265.00,4456.60,284.30,3150,1225,7,6122900.00,2,F1,175,,,,,
2026-04-23,2026-04-23,FO,NSE,STO,161453,,TITAN,,2026-05-26,2026-05-26,3800.00,PE,TITAN26MAY3800PE,8.05,8.15,8.05,8.15,8.15,31.75,4456.60,8.15,350,350,2,1332835.00,2,F1,175,,,,,
2026-04-23,2026-04-23,FO,NSE,STO,175641,,TITAN,,2026-05-26,2026-05-26,3650.00,PE,TITAN26MAY3650PE,0.00,0.00,0.00,41.30,0.00,41.30,4456.60,0.80,0,0,0,0.00,0,F1,175,,,,,
2026-04-23,2026-04-23,FO,NSE,STO,175585,,TITAN,,2026-04-28,2026-04-28,4750.00,PE,TITAN26APR4750PE,0.00,0.00,0.00,772.85,0.00,772.85,4456.60,291.15,0,0,0,0.00,0,F1,175,,,,,
2026-04-23,2026-04-23,FO,NSE,STO,161117,,TITAN,,2026-04-28,2026-04-28,4140.00,PE,TITAN26APR4140PE,0.00,0.00,0.00,4.00,4.00,4.00,4456.60,0.55,5950,0,0,0.00,0,F1,175,,,,,
2026-04-23,2026-04-23,FO,NSE,STO,175571,,TITAN,,2026-04-28,2026-04-28,4050.00,PE,TITAN26APR4050PE,1.00,1.30,1.00,1.30,1.30,4.80,4456.60,1.30,10325,-3325,23,16305957.50,17,F1,175,,,,,
2026-04-23,2026-04-23,FO,NSE,STO,161109,,TITAN,,2026-04-28,2026-04-28,3980.00,PE,TITAN26APR3980PE,1.00,1.00,0.95,0.95,0.95,1.60,4456.60,0.05,7525,-350,5,3483366.25,2,F1,175,,,,,
2026-04-23,2026-04-23,FO,NSE,STO,175565,,TITAN,,2026-04-28,2026-04-28,3750.00,PE,TITAN26APR3750PE,0.00,0.00,0.00,34.40,0.00,34.40,4456.60,0.00,0,0,0,0.00,0,F1,175,,,,,
2026-04-23,2026-04-23,FO,NSE,STO,175732,,TITAN,,2026-06-30,2026-06-30,4200.00,CE,TITAN26JUN4200CE,0.00,0.00,0.00,136.95,0.00,136.95,4456.60,392.85,0,0,0,0.00,0,F1,175,,,,,
2026-04-23,2026-04-23,FO,NSE,STO,175722,,TITAN,,2026-06-30,2026-06-30,3700.00,CE,TITAN26JUN3700CE,0.00,0.00,0.00,397.50,0.00,397.50,4456.60,809.25,0,0,0,0.00,0,F1,175,,,,,
2026-04-23,2026-04-23,FO,NSE,STO,175716,,TITAN,,2026-06-30,2026-06-30,3400.00,CE,TITAN26JUN3400CE,0.00,0.00,0.00,635.40,0.00,635.40,4456.60,1097.30,0,0,0,0.00,0,F1,175,,,,,
2026-04-23,2026-04-23,FO,NSE,STO,175670,,TITAN,,2026-05-26,2026-05-26,4650.00,CE,TITAN26MAY4650CE,0.00,0.00,0.00,14.10,0.00,14.10,4456.60,81.80,0,0,0,0.00,0,F1,175,,,,,
2026-04-23,2026-04-23,FO,NSE,STO,175646,,TITAN,,2026-05-26,2026-05-26,3850.00,CE,TITAN26MAY3850CE,0.00,0.00,0.00,678.50,678.50,678.50,4456.60,632.90,175,0,0,0.00,0,F1,175,,,,,
2026-04-23,2026-04-23,FO,NSE,STO,170548,,TITAN,,2026-04-28,2026-04-28,4720.00,CE,TITAN26APR4720CE,1.70,2.10,1.70,1.85,1.85,3.80,4456.60,2.45,7175,-2800,20,16526816.25,17,F1,175,,,,,
2026-04-23,2026-04-23,FO,NSE,STO,170538,,TITAN,,2026-04-28,2026-04-28,4520.00,CE,TITAN26APR4520CE,17.00,30.05,12.50,21.95,21.00,29.90,4456.60,21.95,62825,-10325,423,336266988.75,318,F1,175,,,,,
2026-04-23,2026-04-23,FO,NSE,STO,170522,,TITAN,,2026-04-28,2026-04-28,4200.00,CE,TITAN26APR4200CE,215.95,268.00,215.95,245.15,245.15,255.90,4456.60,261.75,283675,-4025,29,22543832.50,23,F1,175,,,,,
2026-04-23,2026-04-23,FO,NSE,STO,170510,,TITAN,,2026-04-28,2026-04-28,3960.00,CE,TITAN26APR3960CE,0.00,0.00,0.00,520.00,520.00,520.00,4456.60,499.75,14350,0,0,0.00,0,F1,175,,,,,
2026-04-23,2026-04-23,FO,NSE,STO,170530,,TITAN,,2026-04-28,2026-04-28,4360.00,CE,TITAN26APR4360CE,100.00,100.00,100.00,100.00,100.00,147.15,4456.60,120.55,4550,0,1,780500.00,1,F1,175,,,,,
2026-04-23,2026-04-23,FO,NSE,STO,175578,,TITAN,,2026-04-28,2026-04-28,4450.00,CE,TITAN26APR4450CE,40.00,62.25,29.25,49.35,46.65,58.35,4456.60,49.35,99575,-21875,2236,1759698316.25,1897,F1,175,,,,,
2026-04-23,2026-04-23,FO,NSE,STO,170536,,TITAN,,2026-04-28,2026-04-28,4480.00,CE,TITAN26APR4480CE,25.00,46.40,20.00,37.00,34.00,44.75,4456.60,37.00,71400,-20300,1396,1103536481.25,1130,F1,175,,,,,
2026-04-23,2026-04-23,FO,NSE,STO,175568,,TITAN,,2026-04-28,2026-04-28,3950.00,CE,TITAN26APR3950CE,0.00,0.00,0.00,127.20,0.00,127.20,4456.60,509.75,0,0,0,0.00,0,F1,175,,,,,
2026-04-23,2026-04-23,FO,NSE,STO,170520,,TITAN,,2026-04-28,2026-04-28,4160.00,CE,TITAN26APR4160CE,305.00,305.00,287.20,287.20,287.20,361.65,4456.60,300.75,25375,-350,2,1559635.00,2,F1,175,,,,,
2026-04-23,2026-04-23,FO,NSE,STO,175589,,TITAN,,2026-04-28,2026-04-28,4950.00,PE,TITAN26APR4950PE,0.00,0.00,0.00,971.10,0.00,971.10,4456.60,489.50,0,0,0,0.00,0,F1,175,,,,,
2026-04-23,2026-04-23,FO,NSE,STO,170551,,TITAN,,2026-04-28,2026-04-28,4800.00,PE,TITAN26APR4800PE,0.00,0.00,0.00,750.55,0.00,750.55,4456.60,340.20,0,0,0,0.00,0,F1,175,,,,,
2026-04-23,2026-04-23,FO,NSE,STO,170541,,TITAN,,2026-04-28,2026-04-28,4560.00,PE,TITAN26APR4560PE,125.95,129.50,114.45,121.65,125.85,121.90,4456.60,121.65,32200,-2625,116,95031798.75,114,F1,175,,,,,
2026-04-23,2026-04-23,FO,NSE,STO,61786,,TITAN,,2026-04-28,2026-04-28,3380.00,PE,TITAN26APR3380PE,0.00,0.00,0.00,1.00,1.00,1.00,4456.60,0.00,9100,0,0,0.00,0,F1,175,,,,,
2026-04-23,2026-04-23,FO,NSE,STO,175562,,TITAN,,2026-04-28,2026-04-28,3650.00,CE,TITAN26APR3650CE,0.00,0.00,0.00,338.75,0.00,338.75,4456.60,809.50,0,0,0,0.00,0,F1,175,,,,,
2026-04-23,2026-04-23,FO,NSE,STO,170484,,TITAN,,2026-04-28,2026-04-28,3440.00,CE,TITAN26APR3440CE,0.00,0.00,0.00,528.25,528.25,528.25,4456.60,1019.35,175,0,0,0.00,0,F1,175,,,,,
2026-04-23,2026-04-23,FO,NSE,STO,161135,,TITAN,,2026-04-28,2026-04-28,4500.00,PE,TITAN26APR4500PE,99.00,112.85,65.00,76.70,77.15,79.25,4456.60,76.70,132825,-145425,2901,2324893628.75,2447,F1,175,,,,,
2026-04-23,2026-04-23,FO,NSE,STO,175580,,TITAN,,2026-04-28,2026-04-28,4550.00,CE,TITAN26APR4550CE,10.55,21.00,8.05,15.40,14.10,21.55,4456.60,15.40,108675,-7525,993,793217390.00,818,F1,175,,,,,
2026-04-23,2026-04-23,FO,NSE,STO,175584,,TITAN,,2026-04-28,2026-04-28,4750.00,CE,TITAN26APR4750CE,1.05,1.80,1.00,1.55,1.45,1.90,4456.60,1.55,31325,-4900,111,92294615.00,108,F1,175,,,,,
2026-04-23,2026-04-23,FO,NSE,STO,58878,,TITAN,,2026-04-28,2026-04-28,5000.00,CE,TITAN26APR5000CE,0.85,0.95,0.50,0.70,0.55,0.85,4456.60,0.70,124600,-17675,454,397304381.25,318,F1,175,,,,,
2026-04-23,2026-04-23,FO,NSE,STO,161462,,TITAN,,2026-05-26,2026-05-26,4000.00,CE,TITAN26MAY4000CE,466.00,500.00,466.00,500.00,500.00,515.00,4456.60,493.05,2625,175,3,2351475.00,3,F1,175,,,,,
2026-04-23,2026-04-23,FO,NSE,STO,170479,,TITAN,,2026-04-28,2026-04-28,3320.00,PE,TITAN26APR3320PE,0.10,0.10,0.05,0.05,0.05,0.15,4456.60,0.05,30450,3325,66,38346621.25,27,F1,175,,,,,
2026-04-23,2026-04-23,FO,NSE,STO,161493,,TITAN,,2026-05-26,2026-05-26,4600.00,PE,TITAN26MAY4600PE,0.00,0.00,0.00,349.80,0.00,349.80,4456.60,216.15,0,0,0,0.00,0,F1,175,,,,,
2026-04-23,2026-04-23,FO,NSE,STO,175663,,TITAN,,2026-05-26,2026-05-26,4350.00,PE,TITAN26MAY4350PE,99.50,103.25,99.50,103.25,103.25,400.05,4456.60,89.70,2100,2100,12,9348631.25,12,F1,175,,,,,
2026-04-23,2026-04-23,FO,NSE,STO,170505,,TITAN,,2026-04-28,2026-04-28,3840.00,PE,TITAN26APR3840PE,0.55,0.55,0.55,0.55,0.55,0.40,4456.60,0.00,2275,-175,4,2688385.00,4,F1,175,,,,,
2026-04-23,2026-04-23,FO,NSE,STO,175593,,TITAN,,2026-04-28,2026-04-28,5100.00,PE,TITAN26APR5100PE,0.00,0.00,0.00,1120.15,0.00,1120.15,4456.60,639.35,0,0,0,0.00,0,F1,175,,,,,
2026-04-23,2026-04-23,FO,NSE,STO,58879,,TITAN,,2026-04-28,2026-04-28,5000.00,PE,TITAN26APR5000PE,0.00,0.00,0.00,688.55,0.00,688.55,4456.60,539.45,0,0,0,0.00,0,F1,175,,,,,
2026-04-23,2026-04-23,FO,NSE,STO,175569,,TITAN,,2026-04-28,2026-04-28,3950.00,PE,TITAN26APR3950PE,0.50,0.90,0.50,0.75,0.75,3.70,4456.60,0.00,11550,-3850,45,31112051.25,36,F1,175,,,,,
2026-04-23,2026-04-23,FO,NSE,STO,175645,,TITAN,,2026-05-26,2026-05-26,3750.00,PE,TITAN26MAY3750PE,0.00,0.00,0.00,65.65,0.00,65.65,4456.60,2.00,0,0,0,0.00,0,F1,175,,,,,
2026-04-23,2026-04-23,FO,NSE,STO,161441,,TITAN,,2026-05-26,2026-05-26,3600.00,PE,TITAN26MAY3600PE,0.00,0.00,0.00,9.00,9.00,9.00,4456.60,0.45,350,0,0,0.00,0,F1,175,,,,,
2026-04-23,2026-04-23,FO,NSE,STF,67028,,TITAN,,2026-04-28,2026-04-28,,,TITAN26APRFUT,4401.10,4475.00,4401.00,4453.50,4450.80,4455.60,4456.60,4453.50,5851475,-1383200,11386,8864120247.50,9417,F1,175,,,,,
2026-04-23,2026-04-23,FO,NSE,STO,170524,,TITAN,,2026-04-28,2026-04-28,4240.00,CE,TITAN26APR4240CE,0.00,0.00,0.00,293.55,293.55,293.55,4456.60,223.60,21000,0,0,0.00,0,F1,175,,,,,
2026-04-23,2026-04-23,FO,NSE,STO,161126,,TITAN,,2026-04-28,2026-04-28,4340.00,CE,TITAN26APR4340CE,106.00,118.30,106.00,108.55,108.55,135.35,4456.60,136.05,6125,-350,5,3894992.50,4,F1,175,,,,,
2026-04-23,2026-04-23,FO,NSE,STO,170532,,TITAN,,2026-04-28,2026-04-28,4400.00,CE,TITAN26APR4400CE,66.95,93.00,50.25,77.45,76.40,87.80,4456.60,77.45,183925,29400,1324,1036691722.50,1019,F1,175,,,,,
2026-04-23,2026-04-23,FO,NSE,STO,175640,,TITAN,,2026-05-26,2026-05-26,3650.00,CE,TITAN26MAY3650CE,0.00,0.00,0.00,383.05,0.00,383.05,4456.60,827.90,0,0,0,0.00,0,F1,175,,,,,
2026-04-23,2026-04-23,FO,NSE,STO,175660,,TITAN,,2026-05-26,2026-05-26,4300.00,CE,TITAN26MAY4300CE,225.00,271.00,225.00,254.90,254.90,270.00,4456.60,253.05,3850,2975,25,19929472.50,24,F1,175,,,,,
2026-04-23,2026-04-23,FO,NSE,STO,161492,,TITAN,,2026-05-26,2026-05-26,4600.00,CE,TITAN26MAY4600CE,85.00,110.00,84.85,103.85,102.95,100.20,4456.60,103.85,22400,2100,56,46071138.75,46,F1,175,,,,,
2026-04-23,2026-04-23,FO,NSE,STO,161113,,TITAN,,2026-04-28,2026-04-28,4060.00,PE,TITAN26APR4060PE,0.65,1.40,0.65,1.40,1.40,2.40,4456.60,0.10,22925,-2275,34,24164192.50,33,F1,175,,,,,
2026-04-23,2026-04-23,FO,NSE,STO,175575,,TITAN,,2026-04-28,2026-04-28,4250.00,PE,TITAN26APR4250PE,10.40,10.40,3.30,4.15,4.20,6.25,4456.60,4.15,63000,7175,285,212231486.25,253,F1,175,,,,,
2026-04-23,2026-04-23,FO,NSE,STO,175667,,TITAN,,2026-05-26,2026-05-26,4500.00,PE,TITAN26MAY4500PE,174.95,180.10,156.00,164.60,165.95,159.00,4456.60,164.60,30625,7700,167,136412815.00,133,F1,175,,,,,
2026-04-23,2026-04-23,FO,NSE,STO,175647,,TITAN,,2026-05-26,2026-05-26,3850.00,PE,TITAN26MAY3850PE,0.00,0.00,0.00,98.40,0.00,98.40,4456.60,4.70,0,0,0,0.00,0,F1,175,,,,,
2026-04-23,2026-04-23,FO,NSE,STO,175643,,TITAN,,2026-05-26,2026-05-26,3700.00,PE,TITAN26MAY3700PE,0.00,0.00,0.00,52.40,0.00,52.40,4456.60,1.25,0,0,0,0.00,0,F1,175,,,,,
2026-04-23,2026-04-23,FO,NSE,STO,175637,,TITAN,,2026-05-26,2026-05-26,3500.00,PE,TITAN26MAY3500PE,0.00,0.00,0.00,15.00,15.00,15.00,4456.60,0.15,175,0,0,0.00,0,F1,175,,,,,
2026-04-23,2026-04-23,FO,NSE,STO,175574,,TITAN,,2026-04-28,2026-04-28,4250.00,CE,TITAN26APR4250CE,0.00,0.00,0.00,206.70,207.00,206.70,4456.60,214.30,38675,0,0,0.00,0,F1,175,,,,,
2026-04-23,2026-04-23,FO,NSE,STO,175753,,TITAN,,2026-06-30,2026-06-30,5200.00,PE,TITAN26JUN5200PE,0.00,0.00,0.00,1161.35,0.00,1161.35,4456.60,716.10,0,0,0,0.00,0,F1,175,,,,,
2026-04-23,2026-04-23,FO,NSE,STO,175737,,TITAN,,2026-06-30,2026-06-30,4400.00,PE,TITAN26JUN4400PE,0.00,0.00,0.00,450.85,0.00,450.85,4456.60,160.70,0,0,0,0.00,0,F1,175,,,,,
2026-04-23,2026-04-23,FO,NSE,STO,175721,,TITAN,,2026-06-30,2026-06-30,3600.00,PE,TITAN26JUN3600PE,0.00,0.00,0.00,55.05,0.00,55.05,4456.60,5.55,0,0,0,0.00,0,F1,175,,,,,
2026-04-23,2026-04-23,FO,NSE,STO,175717,,TITAN,,2026-06-30,2026-06-30,3400.00,PE,TITAN26JUN3400PE,0.00,0.00,0.00,23.05,0.00,23.05,4456.60,1.45,0,0,0,0.00,0,F1,175,,,,,
2026-04-23,2026-04-23,FO,NSE,STO,161145,,TITAN,,2026-04-28,2026-04-28,4700.00,PE,TITAN26APR4700PE,264.40,264.40,251.90,257.40,257.40,220.80,4456.60,243.05,5425,-175,5,4336141.25,5,F1,175,,,,,
2026-04-23,2026-04-23,FO,NSE,STO,170521,,TITAN,,2026-04-28,2026-04-28,4160.00,PE,TITAN26APR4160PE,4.55,4.55,2.00,2.05,2.05,6.25,4456.60,2.05,21000,-875,12,8740847.50,12,F1,175,,,,,
2026-04-23,2026-04-23,FO,NSE,STO,170515,,TITAN,,2026-04-28,2026-04-28,4040.00,PE,TITAN26APR4040PE,0.80,1.40,0.80,0.95,0.95,1.55,4456.60,0.05,16100,-2100,66,46674250.00,61,F1,175,,,,,
2026-04-23,2026-04-23,FO,NSE,STO,161103,,TITAN,,2026-04-28,2026-04-28,3860.00,PE,TITAN26APR3860PE,0.45,0.45,0.45,0.45,0.45,2.10,4456.60,0.00,1225,-350,5,3377893.75,1,F1,175,,,,,
2026-04-23,2026-04-23,FO,NSE,STO,161101,,TITAN,,2026-04-28,2026-04-28,3820.00,PE,TITAN26APR3820PE,0.40,0.65,0.40,0.60,0.60,1.55,4456.60,0.00,2625,-700,14,9360172.50,10,F1,175,,,,,
2026-04-23,2026-04-23,FO,NSE,STO,175563,,TITAN,,2026-04-28,2026-04-28,3650.00,PE,TITAN26APR3650PE,0.00,0.00,0.00,16.95,0.00,16.95,4456.60,0.00,0,0,0,0.00,0,F1,175,,,,,
2026-04-23,2026-04-23,FO,NSE,STO,170491,,TITAN,,2026-04-28,2026-04-28,3560.00,PE,TITAN26APR3560PE,0.00,0.00,0.00,2.00,2.00,2.00,4456.60,0.00,875,0,0,0.00,0,F1,175,,,,,
2026-04-23,2026-04-23,FO,NSE,STO,170489,,TITAN,,2026-04-28,2026-04-28,3520.00,PE,TITAN26APR3520PE,0.20,0.60,0.20,0.25,0.25,0.25,4456.60,0.00,23800,-1050,43,26490721.25,40,F1,175,,,,,
2026-04-23,2026-04-23,FO,NSE,STO,47945,,TITAN,,2026-04-28,2026-04-28,3500.00,PE,TITAN26APR3500PE,0.65,0.65,0.25,0.25,0.25,0.30,4456.60,0.25,71575,0,38,23277738.75,36,F1,175,,,,,
2026-04-23,2026-04-23,FO,NSE,STO,175748,,TITAN,,2026-06-30,2026-06-30,5000.00,CE,TITAN26JUN5000CE,0.00,0.00,0.00,74.55,74.55,74.55,4456.60,60.20,1400,0,0,0.00,0,F1,175,,,,,
2026-04-23,2026-04-23,FO,NSE,STO,175652,,TITAN,,2026-05-26,2026-05-26,4050.00,CE,TITAN26MAY4050CE,0.00,0.00,0.00,138.80,0.00,138.80,4456.60,448.60,0,0,0,0.00,0,F1,175,,,,,
2026-04-23,2026-04-23,FO,NSE,STO,175592,,TITAN,,2026-04-28,2026-04-28,5100.00,CE,TITAN26APR5100CE,0.45,0.65,0.35,0.65,0.35,0.50,4456.60,0.65,4200,-700,14,12496478.75,9,F1,175,,,,,
2026-04-23,2026-04-23,FO,NSE,STO,170528,,TITAN,,2026-04-28,2026-04-28,4320.00,CE,TITAN26APR4320CE,0.00,0.00,0.00,230.00,230.00,230.00,4456.60,152.30,3850,0,0,0.00,0,F1,175,,,,,
2026-04-23,2026-04-23,FO,NSE,STF,66392,,TITAN,,2026-05-26,2026-05-26,,,TITAN26MAYFUT,4460.00,4500.00,4422.70,4478.00,4475.00,4479.60,4456.60,4478.00,2468200,1424675,9949,7789930610.00,8862,F1,175,,,,,
2026-04-23,2026-04-23,FO,NSE,STO,170501,,TITAN,,2026-04-28,2026-04-28,3760.00,PE,TITAN26APR3760PE,0.30,0.55,0.25,0.55,0.55,1.85,4456.60,0.00,1225,-350,11,7238735.00,10,F1,175,,,,,
2026-04-23,2026-04-23,FO,NSE,STO,170499,,TITAN,,2026-04-28,2026-04-28,3720.00,PE,TITAN26APR3720PE,0.00,0.00,0.00,2.40,2.40,2.40,4456.60,0.00,10675,0,0,0.00,0,F1,175,,,,,
2026-04-23,2026-04-23,FO,NSE,STO,170493,,TITAN,,2026-04-28,2026-04-28,3600.00,PE,TITAN26APR3600PE,0.20,0.35,0.10,0.10,0.10,0.20,4456.60,0.10,62475,-3675,81,51032406.25,43,F1,175,,,,,
2026-04-23,2026-04-23,FO,NSE,STO,175742,,TITAN,,2026-06-30,2026-06-30,4700.00,CE,TITAN26JUN4700CE,0.00,0.00,0.00,33.20,0.00,33.20,4456.60,135.50,0,0,0,0.00,0,F1,175,,,,,
2026-04-23,2026-04-23,FO,NSE,STO,175738,,TITAN,,2026-06-30,2026-06-30,4500.00,CE,TITAN26JUN4500CE,0.00,0.00,0.00,60.95,0.00,60.95,4456.60,216.70,0,0,0,0.00,0,F1,175,,,,,
2026-04-23,2026-04-23,FO,NSE,STO,175577,,TITAN,,2026-04-28,2026-04-28,4350.00,PE,TITAN26APR4350PE,27.80,27.80,11.10,13.80,13.55,17.80,4456.60,13.80,72975,-4200,1225,936049913.75,1040,F1,175,,,,,
2026-04-23,2026-04-23,FO,NSE,STO,161123,,TITAN,,2026-04-28,2026-04-28,4260.00,PE,TITAN26APR4260PE,6.80,10.10,3.70,4.75,4.70,7.00,4456.60,4.75,30800,-1050,132,98543025.00,126,F1,175,,,,,
2026-04-23,2026-04-23,FO,NSE,STO,161115,,TITAN,,2026-04-28,2026-04-28,4100.00,PE,TITAN26APR4100PE,3.30,3.75,1.40,1.60,1.65,2.25,4456.60,1.60,205100,-11900,441,316572121.25,300,F1,175,,,,,
2026-04-23,2026-04-23,FO,NSE,STO,170517,,TITAN,,2026-04-28,2026-04-28,4080.00,PE,TITAN26APR4080PE,1.55,2.90,1.35,2.30,1.70,2.05,4456.60,2.30,15225,3150,46,32857046.25,43,F1,175,,,,,
2026-04-23,2026-04-23,FO,NSE,STO,170513,,TITAN,,2026-04-28,2026-04-28,4000.00,PE,TITAN26APR4000PE,1.25,1.75,0.80,0.95,0.95,1.40,4456.60,0.95,217175,-30800,444,310889118.75,272,F1,175,,,,,
2026-04-23,2026-04-23,FO,NSE,STO,175736,,TITAN,,2026-06-30,2026-06-30,4400.00,CE,TITAN26JUN4400CE,0.00,0.00,0.00,81.10,0.00,81.10,4456.60,268.10,0,0,0,0.00,0,F1,175,,,,,
2026-04-23,2026-04-23,FO,NSE,STO,161512,,TITAN,,2026-05-26,2026-05-26,5000.00,CE,TITAN26MAY5000CE,20.00,22.05,19.65,20.95,20.50,19.00,4456.60,20.95,7700,1225,34,29872482.50,24,F1,175,,,,,
2026-04-23,2026-04-23,FO,NSE,STO,175680,,TITAN,,2026-05-26,2026-05-26,4950.00,CE,TITAN26MAY4950CE,0.00,0.00,0.00,3.25,0.00,3.25,4456.60,22.35,0,0,0,0.00,0,F1,175,,,,,
2026-04-23,2026-04-23,FO,NSE,STO,175668,,TITAN,,2026-05-26,2026-05-26,4550.00,CE,TITAN26MAY4550CE,0.00,0.00,0.00,136.00,136.00,136.00,4456.60,117.80,1225,0,0,0.00,0,F1,175,,,,,
2026-04-23,2026-04-23,FO,NSE,STO,175658,,TITAN,,2026-05-26,2026-05-26,4250.00,CE,TITAN26MAY4250CE,0.00,0.00,0.00,71.60,0.00,71.60,4456.60,288.10,0,0,0,0.00,0,F1,175,,,,,
2026-04-23,2026-04-23,FO,NSE,STO,175586,,TITAN,,2026-04-28,2026-04-28,4850.00,CE,TITAN26APR4850CE,0.60,0.90,0.60,0.85,0.85,0.90,4456.60,0.85,10850,-1750,12,10186750.00,9,F1,175,,,,,
2026-04-23,2026-04-23,FO,NSE,STO,161130,,TITAN,,2026-04-28,2026-04-28,4420.00,CE,TITAN26APR4420CE,70.65,80.70,42.00,65.40,61.90,76.80,4456.60,65.40,65625,-4725,1021,800935266.25,948,F1,175,,,,,
2026-04-23,2026-04-23,FO,NSE,STO,175576,,TITAN,,2026-04-28,2026-04-28,4350.00,CE,TITAN26APR4350CE,90.00,125.15,89.85,115.70,115.70,129.40,4456.60,128.20,30975,3150,45,35112271.25,45,F1,175,,,,,
2026-04-23,2026-04-23,FO,NSE,STO,161124,,TITAN,,2026-04-28,2026-04-28,4300.00,CE,TITAN26APR4300CE,130.70,180.00,125.20,157.55,154.35,165.35,4456.60,157.55,223650,-9800,94,73221531.25,85,F1,175,,,,,
2026-04-23,2026-04-23,FO,NSE,STO,161114,,TITAN,,2026-04-28,2026-04-28,4100.00,CE,TITAN26APR4100CE,344.00,360.00,344.00,353.30,355.10,347.00,4456.60,353.30,78225,-1050,14,10909745.00,11,F1,175,,,,,
2026-04-23,2026-04-23,FO,NSE,STO,175570,,TITAN,,2026-04-28,2026-04-28,4050.00,CE,TITAN26APR4050CE,0.00,0.00,0.00,437.15,437.15,437.15,4456.60,409.90,6475,0,0,0.00,0,F1,175,,,,,
2026-04-23,2026-04-23,FO,NSE,STO,170550,,TITAN,,2026-04-28,2026-04-28,4800.00,CE,TITAN26APR4800CE,0.80,1.30,0.80,1.05,1.05,1.30,4456.60,1.05,88725,-12950,271,227687836.25,210,F1,175,,,,,
2026-04-23,2026-04-23,FO,NSE,STO,170542,,TITAN,,2026-04-28,2026-04-28,4600.00,CE,TITAN26APR4600CE,8.00,11.50,4.55,8.20,7.55,12.05,4456.60,8.20,202475,-20475,1960,1580556521.25,1443,F1,175,,,,,
2026-04-23,2026-04-23,FO,NSE,STO,161134,,TITAN,,2026-04-28,2026-04-28,4500.00,CE,TITAN26APR4500CE,22.00,38.00,15.55,28.00,26.60,36.65,4456.60,28.00,393225,-10850,4263,3377411327.50,3427,F1,175,,,,,
2026-04-23,2026-04-23,FO,NSE,STO,175572,,TITAN,,2026-04-28,2026-04-28,4150.00,CE,TITAN26APR4150CE,0.00,0.00,0.00,349.65,349.65,349.65,4456.60,310.55,11900,0,0,0.00,0,F1,175,,,,,
2026-04-23,2026-04-23,FO,NSE,STF,62854,,TITAN,,2026-06-30,2026-06-30,,,TITAN26JUNFUT,4475.50,4524.10,4459.00,4504.50,4500.00,4510.80,4456.60,4504.50,628250,143325,889,699430550.00,218,F1,175,,,,,
2026-04-23,2026-04-23,FO,NSE,STO,161144,,TITAN,,2026-04-28,2026-04-28,4700.00,CE,TITAN26APR4700CE,3.40,3.40,1.45,2.55,2.45,3.45,4456.60,2.55,165200,-21350,1536,1263964283.75,994,F1,175,,,,,
2026-04-23,2026-04-23,FO,NSE,STO,175745,,TITAN,,2026-06-30,2026-06-30,4800.00,PE,TITAN26JUN4800PE,0.00,0.00,0.00,786.65,0.00,786.65,4456.60,392.85,0,0,0,0.00,0,F1,175,,,,,
2026-04-23,2026-04-23,FO,NSE,STO,175723,,TITAN,,2026-06-30,2026-06-30,3700.00,PE,TITAN26JUN3700PE,0.00,0.00,0.00,79.80,0.00,79.80,4456.60,9.95,0,0,0,0.00,0,F1,175,,,,,
2026-04-23,2026-04-23,FO,NSE,STO,175587,,TITAN,,2026-04-28,2026-04-28,4850.00,PE,TITAN26APR4850PE,0.00,0.00,0.00,871.85,0.00,871.85,4456.60,389.80,0,0,0,0.00,0,F1,175,,,,,
2026-04-23,2026-04-23,FO,NSE,STO,170535,,TITAN,,2026-04-28,2026-04-28,4440.00,PE,TITAN26APR4440PE,62.00,69.90,34.55,42.20,43.00,46.70,4456.60,42.20,87675,-21000,1078,846220725.00,1028,F1,175,,,,,
2026-04-23,2026-04-23,FO,NSE,STO,161105,,TITAN,,2026-04-28,2026-04-28,3900.00,PE,TITAN26APR3900PE,1.20,1.25,0.65,0.95,1.00,1.25,4456.60,0.95,79100,-14700,152,103766713.75,83,F1,175,,,,,
2026-04-23,2026-04-23,FO,NSE,STO,170481,,TITAN,,2026-04-28,2026-04-28,3360.00,PE,TITAN26APR3360PE,0.00,0.00,0.00,13.00,13.00,13.00,4456.60,0.00,700,0,0,0.00,0,F1,175,,,,,
2026-04-23,2026-04-23,FO,NSE,STO,175746,,TITAN,,2026-06-30,2026-06-30,4900.00,CE,TITAN26JUN4900CE,0.00,0.00,0.00,17.20,0.00,17.20,4456.60,80.20,0,0,0,0.00,0,F1,175,,,,,
2026-04-23,2026-04-23,FO,NSE,STO,175740,,TITAN,,2026-06-30,2026-06-30,4600.00,CE,TITAN26JUN4600CE,0.00,0.00,0.00,45.30,0.00,45.30,4456.60,172.60,0,0,0,0.00,0,F1,175,,,,,
2026-04-23,2026-04-23,FO,NSE,STO,175728,,TITAN,,2026-06-30,2026-06-30,4000.00,CE,TITAN26JUN4000CE,0.00,0.00,0.00,219.10,0.00,219.10,4456.60,544.65,0,0,0,0.00,0,F1,175,,,,,
2026-04-23,2026-04-23,FO,NSE,STO,175678,,TITAN,,2026-05-26,2026-05-26,4900.00,CE,TITAN26MAY4900CE,25.10,34.60,24.40,32.90,31.55,30.45,4456.60,32.90,16275,3500,58,50050035.00,54,F1,175,,,,,
