TradDt,BizDt,Sgmt,Src,FinInstrmTp,FinInstrmId,ISIN,TckrSymb,SctySrs,XpryDt,FininstrmActlXpryDt,StrkPric,OptnTp,FinInstrmNm,OpnPric,HghPric,LwPric,ClsPric,LastPric,PrvsClsgPric,UndrlygPric,SttlmPric,OpnIntrst,ChngInOpnIntrst,TtlTradgVol,TtlTrfVal,TtlNbOfTxsExctd,SsnId,NewBrdLotQty,Rmks,Rsvd1,Rsvd2,Rsvd3,Rsvd4
2026-03-20,2026-03-20,FO,NSE,STO,50374,,ITC,,2026-04-28,2026-04-28,250.00,PE,ITC26APR250PE,0.60,0.60,0.45,0.50,0.50,0.60,299.95,0.50,59200,3200,6,2404640.00,6,F1,1600,,,,,
2026-03-20,2026-03-20,FO,NSE,STO,119557,,ITC,,2026-03-30,2026-03-30,373.50,PE,ITC26MAR373.5PE,0.00,0.00,0.00,74.00,74.00,74.00,299.95,73.00,89600,0,0,0.00,0,F1,1600,,,,,
2026-03-20,2026-03-20,FO,NSE,STO,50206,,ITC,,2026-03-30,2026-03-30,352.50,PE,ITC26MAR352.5PE,0.00,0.00,0.00,48.00,48.00,48.00,299.95,52.00,6400,0,0,0.00,0,F1,1600,,,,,
2026-03-20,2026-03-20,FO,NSE,STO,50123,,ITC,,2026-03-30,2026-03-30,270.00,CE,ITC26MAR270CE,35.00,35.00,35.00,35.00,35.00,28.55,299.95,30.35,4800,0,1,488000.00,1,F1,1600,,,,,
2026-03-20,2026-03-20,FO,NSE,STO,129527,,ITC,,2026-03-30,2026-03-30,296.00,CE,ITC26MAR296CE,6.30,12.00,5.90,6.75,6.55,5.95,299.95,6.75,126400,-8000,265,128858800.00,260,F1,1600,,,,,
2026-03-20,2026-03-20,FO,NSE,STO,119504,,ITC,,2026-03-30,2026-03-30,318.50,CE,ITC26MAR318.5CE,0.30,0.70,0.25,0.30,0.30,0.25,299.95,0.30,3395200,-12800,471,240354080.00,384,F1,1600,,,,,
2026-03-20,2026-03-20,FO,NSE,STO,119506,,ITC,,2026-03-30,2026-03-30,323.50,CE,ITC26MAR323.5CE,0.25,0.35,0.15,0.20,0.20,0.20,299.95,0.20,1284800,-27200,322,166799520.00,173,F1,1600,,,,,
2026-03-20,2026-03-20,FO,NSE,STO,50192,,ITC,,2026-03-30,2026-03-30,337.50,CE,ITC26MAR337.5CE,0.15,0.15,0.10,0.10,0.10,0.10,299.95,0.05,179200,16000,13,7023040.00,4,F1,1600,,,,,
2026-03-20,2026-03-20,FO,NSE,STO,50197,,ITC,,2026-03-30,2026-03-30,342.50,CE,ITC26MAR342.5CE,0.15,0.20,0.10,0.15,0.10,0.10,299.95,0.15,284800,212800,151,82785760.00,26,F1,1600,,,,,
2026-03-20,2026-03-20,FO,NSE,STO,50201,,ITC,,2026-03-30,2026-03-30,347.50,CE,ITC26MAR347.5CE,0.10,0.10,0.10,0.10,0.10,0.20,299.95,0.10,62400,0,15,8342400.00,2,F1,1600,,,,,
2026-03-20,2026-03-20,FO,NSE,STO,50207,,ITC,,2026-03-30,2026-03-30,355.00,CE,ITC26MAR355CE,0.05,0.05,0.05,0.05,0.05,0.05,299.95,0.05,1140800,-72000,45,25563600.00,9,F1,1600,,,,,
2026-03-20,2026-03-20,FO,NSE,STO,50237,,ITC,,2026-03-30,2026-03-30,390.00,CE,ITC26MAR390CE,0.00,0.00,0.00,0.10,0.10,0.10,299.95,0.05,68800,0,0,0.00,0,F1,1600,,,,,
2026-03-20,2026-03-20,FO,NSE,STO,50209,,ITC,,2026-03-30,2026-03-30,357.50,CE,ITC26MAR357.5CE,0.00,0.00,0.00,0.05,0.05,0.05,299.95,0.05,24000,0,0,0.00,0,F1,1600,,,,,
2026-03-20,2026-03-20,FO,NSE,STO,50188,,ITC,,2026-03-30,2026-03-30,335.00,CE,ITC26MAR335CE,0.15,0.20,0.10,0.15,0.15,0.15,299.95,0.15,2328000,-291200,834,447207600.00,133,F1,1600,,,,,
2026-03-20,2026-03-20,FO,NSE,STO,129547,,ITC,,2026-03-30,2026-03-30,331.00,CE,ITC26MAR331CE,0.20,0.20,0.15,0.15,0.15,0.15,299.95,0.15,548800,-8000,16,8477840.00,9,F1,1600,,,,,
2026-03-20,2026-03-20,FO,NSE,STO,50152,,ITC,,2026-03-30,2026-03-30,302.50,CE,ITC26MAR302.5CE,3.25,7.30,2.50,3.15,2.85,2.70,299.95,3.15,1350400,361600,5582,2738817760.00,3356,F1,1600,,,,,
2026-03-20,2026-03-20,FO,NSE,STO,129535,,ITC,,2026-03-30,2026-03-30,301.00,CE,ITC26MAR301CE,3.95,8.55,3.10,3.80,3.55,3.30,299.95,3.80,625600,-176000,3845,1883108240.00,2443,F1,1600,,,,,
2026-03-20,2026-03-20,FO,NSE,STO,50121,,ITC,,2026-03-30,2026-03-30,267.50,CE,ITC26MAR267.5CE,0.00,0.00,0.00,49.20,0.00,49.20,299.95,32.85,0,0,0,0.00,0,F1,1600,,,,,
2026-03-20,2026-03-20,FO,NSE,STO,50127,,ITC,,2026-03-30,2026-03-30,275.00,CE,ITC26MAR275CE,0.00,0.00,0.00,42.15,0.00,42.15,299.95,25.40,0,0,0,0.00,0,F1,1600,,,,,
2026-03-20,2026-03-20,FO,NSE,STO,50147,,ITC,,2026-03-30,2026-03-30,300.00,CE,ITC26MAR300CE,4.45,9.45,3.60,4.30,3.95,3.80,299.95,4.30,2889600,-256000,7501,3668858240.00,6000,F1,1600,,,,,
2026-03-20,2026-03-20,FO,NSE,STO,50459,,ITC,,2026-04-28,2026-04-28,375.00,PE,ITC26APR375PE,0.00,0.00,0.00,69.25,69.25,69.25,299.95,72.85,36800,0,0,0.00,0,F1,1600,,,,,
2026-03-20,2026-03-20,FO,NSE,STO,50416,,ITC,,2026-04-28,2026-04-28,330.00,PE,ITC26APR330PE,24.65,28.90,21.75,28.90,28.90,29.70,299.95,28.90,142400,12800,29,16393360.00,24,F1,1600,,,,,
2026-03-20,2026-03-20,FO,NSE,STO,50398,,ITC,,2026-04-28,2026-04-28,290.00,PE,ITC26APR290PE,4.10,5.00,2.30,4.40,4.70,4.90,299.95,4.40,964800,108800,583,273388080.00,507,F1,1600,,,,,
2026-03-20,2026-03-20,FO,NSE,STO,117522,,ITC,,2026-04-28,2026-04-28,272.50,PE,ITC26APR272.5PE,0.00,0.00,0.00,0.45,0.00,0.45,299.95,0.50,0,0,0,0.00,0,F1,1600,,,,,
2026-03-20,2026-03-20,FO,NSE,STO,50212,,ITC,,2026-03-30,2026-03-30,360.00,PE,ITC26MAR360PE,54.00,54.00,52.00,52.00,52.00,62.00,299.95,59.50,593600,-3200,17,11224160.00,9,F1,1600,,,,,
2026-03-20,2026-03-20,FO,NSE,STO,50193,,ITC,,2026-03-30,2026-03-30,337.50,PE,ITC26MAR337.5PE,0.00,0.00,0.00,25.00,25.00,25.00,299.95,37.05,17600,0,0,0.00,0,F1,1600,,,,,
2026-03-20,2026-03-20,FO,NSE,STO,50189,,ITC,,2026-03-30,2026-03-30,335.00,PE,ITC26MAR335PE,29.75,29.75,27.35,28.95,28.95,35.00,299.95,34.55,499200,-9600,13,7550080.00,13,F1,1600,,,,,
2026-03-20,2026-03-20,FO,NSE,STO,50184,,ITC,,2026-03-30,2026-03-30,330.00,PE,ITC26MAR330PE,28.00,31.10,21.70,30.15,29.95,30.75,299.95,30.15,2236800,-195200,274,155393040.00,255,F1,1600,,,,,
2026-03-20,2026-03-20,FO,NSE,STO,129542,,ITC,,2026-03-30,2026-03-30,316.00,PE,ITC26MAR316PE,15.20,15.25,8.90,10.50,10.50,17.05,299.95,15.85,294400,38400,41,21462560.00,35,F1,1600,,,,,
2026-03-20,2026-03-20,FO,NSE,STO,129540,,ITC,,2026-03-30,2026-03-30,311.00,PE,ITC26MAR311PE,11.40,12.20,5.10,11.00,11.55,13.90,299.95,11.00,408000,-75200,236,120322960.00,233,F1,1600,,,,,
2026-03-20,2026-03-20,FO,NSE,STO,129515,,ITC,,2026-03-30,2026-03-30,286.00,PE,ITC26MAR286PE,0.55,0.95,0.35,0.95,0.90,1.30,299.95,0.95,25600,3200,12,5502320.00,12,F1,1600,,,,,
2026-03-20,2026-03-20,FO,NSE,STO,37774,,ITC,,2026-03-30,2026-03-30,278.50,PE,ITC26MAR278.5PE,0.00,0.00,0.00,0.65,0.65,0.65,299.95,0.05,35200,0,0,0.00,0,F1,1600,,,,,
2026-03-20,2026-03-20,FO,NSE,STO,43563,,ITC,,2026-03-30,2026-03-30,248.50,PE,ITC26MAR248.5PE,0.20,0.20,0.10,0.10,0.10,0.20,299.95,0.05,72000,32000,35,13926400.00,6,F1,1600,,,,,
2026-03-20,2026-03-20,FO,NSE,STO,50095,,ITC,,2026-03-30,2026-03-30,240.00,PE,ITC26MAR240PE,0.00,0.00,0.00,0.05,0.00,0.05,299.95,0.05,0,0,0,0.00,0,F1,1600,,,,,
2026-03-20,2026-03-20,FO,NSE,STO,117939,,ITC,,2026-05-26,2026-05-26,350.00,CE,ITC26MAY350CE,2.45,2.80,2.30,2.35,2.30,2.30,299.95,2.35,387200,12800,53,29895920.00,47,F1,1600,,,,,
2026-03-20,2026-03-20,FO,NSE,STO,117923,,ITC,,2026-05-26,2026-05-26,310.00,CE,ITC26MAY310CE,0.00,0.00,0.00,26.50,0.00,26.50,299.95,7.40,0,0,0,0.00,0,F1,1600,,,,,
2026-03-20,2026-03-20,FO,NSE,STO,117917,,ITC,,2026-05-26,2026-05-26,295.00,CE,ITC26MAY295CE,0.00,0.00,0.00,37.30,0.00,37.30,299.95,14.70,0,0,0,0.00,0,F1,1600,,,,,
2026-03-20,2026-03-20,FO,NSE,STO,117909,,ITC,,2026-05-26,2026-05-26,275.00,CE,ITC26MAY275CE,0.00,0.00,0.00,54.25,0.00,54.25,299.95,29.35,0,0,0,0.00,0,F1,1600,,,,,
2026-03-20,2026-03-20,FO,NSE,STO,50413,,ITC,,2026-04-28,2026-04-28,325.00,CE,ITC26APR325CE,2.10,3.30,2.10,2.25,2.25,2.10,299.95,2.25,660800,59200,403,211250240.00,293,F1,1600,,,,,
2026-03-20,2026-03-20,FO,NSE,STO,50098,,ITC,,2026-03-30,2026-03-30,245.00,CE,ITC26MAR245CE,0.00,0.00,0.00,71.20,0.00,71.20,299.95,55.30,0,0,0,0.00,0,F1,1600,,,,,
2026-03-20,2026-03-20,FO,NSE,STO,117903,,ITC,,2026-05-26,2026-05-26,260.00,PE,ITC26MAY260PE,0.00,0.00,0.00,0.40,0.00,0.40,299.95,0.40,0,0,0,0.00,0,F1,1600,,,,,
2026-03-20,2026-03-20,FO,NSE,STO,117928,,ITC,,2026-05-26,2026-05-26,320.00,PE,ITC26MAY320PE,0.00,0.00,0.00,11.70,0.00,11.70,299.95,21.15,0,0,0,0.00,0,F1,1600,,,,,
2026-03-20,2026-03-20,FO,NSE,STO,50387,,ITC,,2026-04-28,2026-04-28,275.00,CE,ITC26APR275CE,35.25,35.25,35.25,35.25,35.25,28.50,299.95,27.25,4800,1600,1,496400.00,1,F1,1600,,,,,
2026-03-20,2026-03-20,FO,NSE,STO,119539,,ITC,,2026-03-30,2026-03-30,338.50,PE,ITC26MAR338.5PE,32.95,32.95,32.95,32.95,32.95,32.25,299.95,38.05,72000,0,1,594320.00,1,F1,1600,,,,,
2026-03-20,2026-03-20,FO,NSE,STO,119553,,ITC,,2026-03-30,2026-03-30,363.50,PE,ITC26MAR363.5PE,58.05,65.30,55.90,64.60,63.85,63.15,299.95,64.60,438400,-8000,13,8813520.00,9,F1,1600,,,,,
2026-03-20,2026-03-20,FO,NSE,STO,119559,,ITC,,2026-03-30,2026-03-30,378.50,PE,ITC26MAR378.5PE,0.00,0.00,0.00,74.20,74.20,74.20,299.95,78.00,22400,0,0,0.00,0,F1,1600,,,,,
2026-03-20,2026-03-20,FO,NSE,STO,50390,,ITC,,2026-04-28,2026-04-28,280.00,PE,ITC26APR280PE,2.25,2.65,1.30,2.15,2.50,2.60,299.95,2.15,625600,-11200,309,139310640.00,235,F1,1600,,,,,
2026-03-20,2026-03-20,FO,NSE,STO,117534,,ITC,,2026-04-28,2026-04-28,302.50,PE,ITC26APR302.5PE,5.70,9.90,5.70,9.05,9.90,6.10,299.95,9.05,76800,72000,62,30824400.00,44,F1,1600,,,,,
2026-03-20,2026-03-20,FO,NSE,STO,117548,,ITC,,2026-04-28,2026-04-28,332.50,PE,ITC26APR332.5PE,0.00,0.00,0.00,21.00,21.00,21.00,299.95,31.25,1600,0,0,0.00,0,F1,1600,,,,,
2026-03-20,2026-03-20,FO,NSE,STO,117854,,ITC,,2026-05-26,2026-05-26,240.00,PE,ITC26MAY240PE,0.00,0.00,0.00,1.40,1.40,1.40,299.95,0.05,1600,0,0,0.00,0,F1,1600,,,,,
2026-03-20,2026-03-20,FO,NSE,STO,117916,,ITC,,2026-05-26,2026-05-26,290.00,PE,ITC26MAY290PE,0.00,0.00,0.00,3.00,0.00,3.00,299.95,5.00,0,0,0,0.00,0,F1,1600,,,,,
2026-03-20,2026-03-20,FO,NSE,STO,117936,,ITC,,2026-05-26,2026-05-26,340.00,PE,ITC26MAY340PE,0.00,0.00,0.00,22.20,0.00,22.20,299.95,37.85,0,0,0,0.00,0,F1,1600,,,,,
2026-03-20,2026-03-20,FO,NSE,STO,129760,,ITC,,2026-04-28,2026-04-28,313.50,CE,ITC26APR313.5CE,0.00,0.00,0.00,4.10,4.10,4.10,299.95,3.55,64000,0,0,0.00,0,F1,1600,,,,,
2026-03-20,2026-03-20,FO,NSE,STO,117537,,ITC,,2026-04-28,2026-04-28,312.50,CE,ITC26APR312.5CE,5.30,7.40,4.80,4.95,4.80,4.45,299.95,4.95,72000,22400,41,20897760.00,37,F1,1600,,,,,
2026-03-20,2026-03-20,FO,NSE,STO,129750,,ITC,,2026-04-28,2026-04-28,303.50,CE,ITC26APR303.5CE,9.05,12.10,8.15,8.25,8.20,7.55,299.95,8.25,49600,19200,21,10494320.00,19,F1,1600,,,,,
2026-03-20,2026-03-20,FO,NSE,STO,50381,,ITC,,2026-04-28,2026-04-28,260.00,CE,ITC26APR260CE,0.00,0.00,0.00,58.10,0.00,58.10,299.95,41.55,0,0,0,0.00,0,F1,1600,,,,,
2026-03-20,2026-03-20,FO,NSE,STO,50215,,ITC,,2026-03-30,2026-03-30,365.00,CE,ITC26MAR365CE,0.00,0.00,0.00,0.05,0.05,0.05,299.95,0.05,1051200,0,0,0.00,0,F1,1600,,,,,
2026-03-20,2026-03-20,FO,NSE,STO,119547,,ITC,,2026-03-30,2026-03-30,353.50,CE,ITC26MAR353.5CE,0.05,0.10,0.05,0.10,0.05,0.05,299.95,0.10,913600,-30400,29,16405760.00,16,F1,1600,,,,,
2026-03-20,2026-03-20,FO,NSE,STO,119500,,ITC,,2026-03-30,2026-03-30,308.50,CE,ITC26MAR308.5CE,1.25,3.45,0.90,1.15,1.05,1.05,299.95,1.15,1979200,1017600,5523,2747152400.00,3924,F1,1600,,,,,
2026-03-20,2026-03-20,FO,NSE,STO,50139,,ITC,,2026-03-30,2026-03-30,290.00,CE,ITC26MAR290CE,12.00,18.50,10.50,11.60,11.35,10.15,299.95,11.60,294400,-1600,179,86817600.00,147,F1,1600,,,,,
2026-03-20,2026-03-20,FO,NSE,STO,50133,,ITC,,2026-03-30,2026-03-30,282.50,CE,ITC26MAR282.5CE,0.00,0.00,0.00,27.25,27.25,27.25,299.95,18.00,1600,0,0,0.00,0,F1,1600,,,,,
2026-03-20,2026-03-20,FO,NSE,STO,50129,,ITC,,2026-03-30,2026-03-30,277.50,CE,ITC26MAR277.5CE,0.00,0.00,0.00,39.85,0.00,39.85,299.95,22.90,0,0,0,0.00,0,F1,1600,,,,,
2026-03-20,2026-03-20,FO,NSE,STO,50125,,ITC,,2026-03-30,2026-03-30,272.50,CE,ITC26MAR272.5CE,0.00,0.00,0.00,44.50,0.00,44.50,299.95,27.85,0,0,0,0.00,0,F1,1600,,,,,
2026-03-20,2026-03-20,FO,NSE,STO,50113,,ITC,,2026-03-30,2026-03-30,260.00,CE,ITC26MAR260CE,0.00,0.00,0.00,46.00,46.00,46.00,299.95,40.35,1600,0,0,0.00,0,F1,1600,,,,,
2026-03-20,2026-03-20,FO,NSE,STF,66229,,ITC,,2026-05-26,2026-05-26,,,ITC26MAYFUT,303.10,311.00,301.00,303.30,303.45,301.90,299.95,303.30,3340800,168000,631,309477840.00,557,F1,1600,,,,,
2026-03-20,2026-03-20,FO,NSE,STF,66870,,ITC,,2026-04-28,2026-04-28,,,ITC26APRFUT,302.00,310.25,300.55,302.30,302.10,300.40,299.95,302.30,25436800,5179200,6662,3243167360.00,5981,F1,1600,,,,,
2026-03-20,2026-03-20,FO,NSE,STO,50094,,ITC,,2026-03-30,2026-03-30,240.00,CE,ITC26MAR240CE,0.00,0.00,0.00,66.00,66.00,66.00,299.95,60.30,1600,0,0,0.00,0,F1,1600,,,,,
2026-03-20,2026-03-20,FO,NSE,STO,117539,,ITC,,2026-04-28,2026-04-28,317.50,CE,ITC26APR317.5CE,3.85,5.30,3.50,3.55,3.50,3.15,299.95,3.55,72000,17600,30,15458240.00,28,F1,1600,,,,,
2026-03-20,2026-03-20,FO,NSE,STO,117935,,ITC,,2026-05-26,2026-05-26,340.00,CE,ITC26MAY340CE,3.60,4.00,3.60,4.00,4.00,3.60,299.95,1.20,78400,3200,12,6601920.00,10,F1,1600,,,,,
2026-03-20,2026-03-20,FO,NSE,STO,50140,,ITC,,2026-03-30,2026-03-30,290.00,PE,ITC26MAR290PE,1.35,1.50,0.40,1.15,1.20,1.95,299.95,1.15,1472000,-124800,2100,977104400.00,1358,F1,1600,,,,,
2026-03-20,2026-03-20,FO,NSE,STO,50159,,ITC,,2026-03-30,2026-03-30,310.00,PE,ITC26MAR310PE,10.55,11.85,4.45,10.15,10.55,12.35,299.95,10.15,2931200,0,2296,1162668000.00,1934,F1,1600,,,,,
2026-03-20,2026-03-20,FO,NSE,STO,117540,,ITC,,2026-04-28,2026-04-28,317.50,PE,ITC26APR317.5PE,0.00,0.00,0.00,13.65,13.65,13.65,299.95,18.30,3200,0,0,0.00,0,F1,1600,,,,,
2026-03-20,2026-03-20,FO,NSE,STO,50424,,ITC,,2026-04-28,2026-04-28,335.00,PE,ITC26APR335PE,0.00,0.00,0.00,24.20,0.00,24.20,299.95,33.60,0,0,0,0.00,0,F1,1600,,,,,
2026-03-20,2026-03-20,FO,NSE,STO,117926,,ITC,,2026-05-26,2026-05-26,315.00,PE,ITC26MAY315PE,0.00,0.00,0.00,9.65,0.00,9.65,299.95,17.60,0,0,0,0.00,0,F1,1600,,,,,
2026-03-20,2026-03-20,FO,NSE,STO,129545,,ITC,,2026-03-30,2026-03-30,326.00,CE,ITC26MAR326CE,0.15,0.25,0.15,0.15,0.15,0.20,299.95,0.15,2236800,-28800,116,60539920.00,42,F1,1600,,,,,
2026-03-20,2026-03-20,FO,NSE,STO,119534,,ITC,,2026-03-30,2026-03-30,328.50,CE,ITC26MAR328.5CE,0.15,0.25,0.15,0.20,0.20,0.15,299.95,0.05,648000,6400,50,26295680.00,14,F1,1600,,,,,
2026-03-20,2026-03-20,FO,NSE,STO,119538,,ITC,,2026-03-30,2026-03-30,338.50,CE,ITC26MAR338.5CE,0.15,0.15,0.10,0.10,0.10,0.15,299.95,0.10,134400,-12800,10,5418320.00,5,F1,1600,,,,,
2026-03-20,2026-03-20,FO,NSE,STO,119542,,ITC,,2026-03-30,2026-03-30,348.50,CE,ITC26MAR348.5CE,0.10,0.10,0.05,0.05,0.05,0.10,299.95,0.05,83200,-19200,14,7808560.00,4,F1,1600,,,,,
2026-03-20,2026-03-20,FO,NSE,STO,50205,,ITC,,2026-03-30,2026-03-30,352.50,CE,ITC26MAR352.5CE,0.05,0.05,0.05,0.05,0.05,0.05,299.95,0.05,1868800,-9600,26,14666080.00,8,F1,1600,,,,,
2026-03-20,2026-03-20,FO,NSE,STO,119556,,ITC,,2026-03-30,2026-03-30,373.50,CE,ITC26MAR373.5CE,0.10,0.10,0.05,0.10,0.10,0.10,299.95,0.10,3014400,-22400,34,20322080.00,9,F1,1600,,,,,
2026-03-20,2026-03-20,FO,NSE,STO,119564,,ITC,,2026-03-30,2026-03-30,393.50,CE,ITC26MAR393.5CE,0.05,0.10,0.05,0.05,0.05,0.05,299.95,0.05,2798400,-12800,67,42189200.00,31,F1,1600,,,,,
2026-03-20,2026-03-20,FO,NSE,STO,50373,,ITC,,2026-04-28,2026-04-28,250.00,CE,ITC26APR250CE,0.00,0.00,0.00,67.65,0.00,67.65,299.95,51.45,0,0,0,0.00,0,F1,1600,,,,,
2026-03-20,2026-03-20,FO,NSE,STO,50375,,ITC,,2026-04-28,2026-04-28,255.00,CE,ITC26APR255CE,0.00,0.00,0.00,62.85,0.00,62.85,299.95,46.50,0,0,0,0.00,0,F1,1600,,,,,
2026-03-20,2026-03-20,FO,NSE,STO,50396,,ITC,,2026-04-28,2026-04-28,290.00,CE,ITC26APR290CE,17.45,22.55,16.00,17.00,16.00,15.60,299.95,17.00,112000,-52800,157,77884320.00,89,F1,1600,,,,,
2026-03-20,2026-03-20,FO,NSE,STO,117555,,ITC,,2026-04-28,2026-04-28,342.50,CE,ITC26APR342.5CE,0.00,0.00,0.00,7.30,0.00,7.30,299.95,0.25,0,0,0,0.00,0,F1,1600,,,,,
2026-03-20,2026-03-20,FO,NSE,STO,117929,,ITC,,2026-05-26,2026-05-26,325.00,CE,ITC26MAY325CE,0.00,0.00,0.00,17.80,0.00,17.80,299.95,3.20,0,0,0,0.00,0,F1,1600,,,,,
2026-03-20,2026-03-20,FO,NSE,STO,129511,,ITC,,2026-03-30,2026-03-30,276.00,PE,ITC26MAR276PE,0.00,0.00,0.00,0.50,0.50,0.50,299.95,0.05,96000,0,0,0.00,0,F1,1600,,,,,
2026-03-20,2026-03-20,FO,NSE,STO,129526,,ITC,,2026-03-30,2026-03-30,291.00,PE,ITC26MAR291PE,1.55,1.55,0.50,1.30,1.35,2.30,299.95,1.30,120000,-65600,117,54642320.00,106,F1,1600,,,,,
2026-03-20,2026-03-20,FO,NSE,STO,119533,,ITC,,2026-03-30,2026-03-30,323.50,PE,ITC26MAR323.5PE,21.50,21.50,15.60,17.20,17.20,25.45,299.95,23.10,590400,-129600,103,56163920.00,90,F1,1600,,,,,
2026-03-20,2026-03-20,FO,NSE,STO,119535,,ITC,,2026-03-30,2026-03-30,328.50,PE,ITC26MAR328.5PE,21.55,22.50,21.25,22.40,22.40,21.40,299.95,28.05,332800,-6400,15,8410720.00,9,F1,1600,,,,,
2026-03-20,2026-03-20,FO,NSE,STO,119541,,ITC,,2026-03-30,2026-03-30,343.50,PE,ITC26MAR343.5PE,40.40,44.00,35.25,43.65,43.45,45.90,299.95,43.65,1337600,-51200,64,38980560.00,50,F1,1600,,,,,
2026-03-20,2026-03-20,FO,NSE,STO,50220,,ITC,,2026-03-30,2026-03-30,370.00,PE,ITC26MAR370PE,69.85,69.85,61.80,64.50,64.50,73.45,299.95,69.50,291200,-1600,20,13930640.00,15,F1,1600,,,,,
2026-03-20,2026-03-20,FO,NSE,STO,50402,,ITC,,2026-04-28,2026-04-28,300.00,PE,ITC26APR300PE,7.20,8.90,4.45,7.80,8.10,8.80,299.95,7.80,1532800,364800,993,486553040.00,784,F1,1600,,,,,
2026-03-20,2026-03-20,FO,NSE,STO,117536,,ITC,,2026-04-28,2026-04-28,307.50,PE,ITC26APR307.5PE,8.55,12.20,7.05,11.80,12.20,7.50,299.95,11.80,80000,62400,93,46999040.00,50,F1,1600,,,,,
2026-03-20,2026-03-20,FO,NSE,STO,50406,,ITC,,2026-04-28,2026-04-28,310.00,PE,ITC26APR310PE,12.20,14.55,8.25,13.30,14.15,14.50,299.95,13.30,763200,182400,279,143096800.00,204,F1,1600,,,,,
2026-03-20,2026-03-20,FO,NSE,STO,50464,,ITC,,2026-04-28,2026-04-28,380.00,PE,ITC26APR380PE,78.00,78.00,78.00,78.00,78.00,77.40,299.95,78.00,44800,6400,4,2931200.00,1,F1,1600,,,,,
2026-03-20,2026-03-20,FO,NSE,STO,50102,,ITC,,2026-03-30,2026-03-30,250.00,CE,ITC26MAR250CE,0.00,0.00,0.00,54.50,54.50,54.50,299.95,50.35,1600,0,0,0.00,0,F1,1600,,,,,
2026-03-20,2026-03-20,FO,NSE,STO,119489,,ITC,,2026-03-30,2026-03-30,263.50,CE,ITC26MAR263.5CE,0.00,0.00,0.00,42.20,42.20,42.20,299.95,36.85,1600,0,0,0.00,0,F1,1600,,,,,
2026-03-20,2026-03-20,FO,NSE,STO,50135,,ITC,,2026-03-30,2026-03-30,285.00,CE,ITC26MAR285CE,0.00,0.00,0.00,13.60,13.60,13.60,299.95,15.65,1600,0,0,0.00,0,F1,1600,,,,,
2026-03-20,2026-03-20,FO,NSE,STO,50162,,ITC,,2026-03-30,2026-03-30,315.00,CE,ITC26MAR315CE,0.45,1.20,0.40,0.50,0.40,0.40,299.95,0.50,6006400,329600,7458,3768016640.00,3006,F1,1600,,,,,
2026-03-20,2026-03-20,FO,NSE,STO,50186,,ITC,,2026-03-30,2026-03-30,332.50,CE,ITC26MAR332.5CE,0.20,0.25,0.15,0.25,0.25,0.10,299.95,0.05,644800,-1600,24,12776400.00,20,F1,1600,,,,,
2026-03-20,2026-03-20,FO,NSE,STO,119540,,ITC,,2026-03-30,2026-03-30,343.50,CE,ITC26MAR343.5CE,0.15,0.15,0.10,0.15,0.10,0.15,299.95,0.15,1964800,-62400,102,56080560.00,62,F1,1600,,,,,
2026-03-20,2026-03-20,FO,NSE,STO,50213,,ITC,,2026-03-30,2026-03-30,362.50,CE,ITC26MAR362.5CE,0.00,0.00,0.00,0.10,0.10,0.10,299.95,0.05,152000,0,0,0.00,0,F1,1600,,,,,
2026-03-20,2026-03-20,FO,NSE,STO,50223,,ITC,,2026-03-30,2026-03-30,375.00,CE,ITC26MAR375CE,0.05,0.05,0.05,0.05,0.05,0.10,299.95,0.05,227200,8000,98,58807840.00,23,F1,1600,,,,,
2026-03-20,2026-03-20,FO,NSE,STO,117521,,ITC,,2026-04-28,2026-04-28,272.50,CE,ITC26APR272.5CE,0.00,0.00,0.00,54.60,0.00,54.60,299.95,29.55,0,0,0,0.00,0,F1,1600,,,,,
2026-03-20,2026-03-20,FO,NSE,STO,129796,,ITC,,2026-04-28,2026-04-28,318.50,CE,ITC26APR318.5CE,3.25,4.90,3.25,4.90,4.90,2.95,299.95,2.40,70400,9600,6,3096880.00,4,F1,1600,,,,,
2026-03-20,2026-03-20,FO,NSE,STO,50439,,ITC,,2026-04-28,2026-04-28,350.00,CE,ITC26APR350CE,0.75,0.80,0.55,0.65,0.65,0.65,299.95,0.65,1209600,40000,229,128497120.00,169,F1,1600,,,,,
2026-03-20,2026-03-20,FO,NSE,STO,50455,,ITC,,2026-04-28,2026-04-28,370.00,CE,ITC26APR370CE,0.40,0.40,0.35,0.35,0.35,0.50,299.95,0.05,28800,3200,15,8889360.00,11,F1,1600,,,,,
2026-03-20,2026-03-20,FO,NSE,STO,50458,,ITC,,2026-04-28,2026-04-28,375.00,CE,ITC26APR375CE,0.00,0.00,0.00,1.30,0.00,1.30,299.95,0.05,0,0,0,0.00,0,F1,1600,,,,,
2026-03-20,2026-03-20,FO,NSE,STO,117896,,ITC,,2026-05-26,2026-05-26,250.00,CE,ITC26MAY250CE,0.00,0.00,0.00,77.80,0.00,77.80,299.95,52.55,0,0,0,0.00,0,F1,1600,,,,,
2026-03-20,2026-03-20,FO,NSE,STO,117959,,ITC,,2026-05-26,2026-05-26,360.00,CE,ITC26MAY360CE,1.50,1.70,1.45,1.50,1.50,1.45,299.95,1.50,76800,9600,25,14462720.00,21,F1,1600,,,,,
2026-03-20,2026-03-20,FO,NSE,STO,50099,,ITC,,2026-03-30,2026-03-30,245.00,PE,ITC26MAR245PE,0.00,0.00,0.00,0.05,0.00,0.05,299.95,0.05,0,0,0,0.00,0,F1,1600,,,,,
2026-03-20,2026-03-20,FO,NSE,STO,50110,,ITC,,2026-03-30,2026-03-30,255.00,PE,ITC26MAR255PE,0.00,0.00,0.00,0.10,0.00,0.10,299.95,0.05,0,0,0,0.00,0,F1,1600,,,,,
2026-03-20,2026-03-20,FO,NSE,STO,50122,,ITC,,2026-03-30,2026-03-30,267.50,PE,ITC26MAR267.5PE,0.00,0.00,0.00,0.35,0.00,0.35,299.95,0.05,0,0,0,0.00,0,F1,1600,,,,,
2026-03-20,2026-03-20,FO,NSE,STO,50174,,ITC,,2026-03-30,2026-03-30,320.00,PE,ITC26MAR320PE,18.65,20.85,12.20,19.95,20.00,21.70,299.95,19.95,2779200,-390400,426,227877360.00,233,F1,1600,,,,,
2026-03-20,2026-03-20,FO,NSE,STO,129550,,ITC,,2026-03-30,2026-03-30,336.00,PE,ITC26MAR336PE,33.75,33.75,33.75,33.75,33.75,24.00,299.95,35.55,52800,-1600,1,591600.00,1,F1,1600,,,,,
2026-03-20,2026-03-20,FO,NSE,STO,50400,,ITC,,2026-04-28,2026-04-28,295.00,PE,ITC26APR295PE,4.30,6.75,3.30,5.95,6.45,3.45,299.95,5.95,187200,179200,216,103870880.00,82,F1,1600,,,,,
2026-03-20,2026-03-20,FO,NSE,STO,50404,,ITC,,2026-04-28,2026-04-28,305.00,PE,ITC26APR305PE,9.65,11.30,6.05,10.05,10.70,11.10,299.95,10.05,334400,73600,222,111084080.00,161,F1,1600,,,,,
2026-03-20,2026-03-20,FO,NSE,STO,117538,,ITC,,2026-04-28,2026-04-28,312.50,PE,ITC26APR312.5PE,13.00,13.00,9.80,10.50,10.50,14.00,299.95,14.55,8000,4800,4,2068960.00,3,F1,1600,,,,,
2026-03-20,2026-03-20,FO,NSE,STO,50155,,ITC,,2026-03-30,2026-03-30,305.00,PE,ITC26MAR305PE,7.10,7.75,2.35,6.25,6.80,8.25,299.95,6.25,4238400,350400,7864,3887134560.00,5579,F1,1600,,,,,
2026-03-20,2026-03-20,FO,NSE,STO,37782,,ITC,,2026-03-30,2026-03-30,298.50,PE,ITC26MAR298.5PE,3.35,3.85,1.00,3.10,3.25,4.50,299.95,3.10,513600,38400,833,400405040.00,661,F1,1600,,,,,
2026-03-20,2026-03-20,FO,NSE,STO,50144,,ITC,,2026-03-30,2026-03-30,295.00,PE,ITC26MAR295PE,2.60,2.70,0.70,2.00,2.15,3.35,299.95,2.00,851200,-110400,2504,1187324480.00,1727,F1,1600,,,,,
2026-03-20,2026-03-20,FO,NSE,STF,51939,,ITC,,2026-03-30,2026-03-30,,,ITC26MARFUT,300.90,308.40,298.80,300.40,300.00,298.35,299.95,300.40,131097600,-4819200,23720,11516740800.00,21567,F1,1600,,,,,
2026-03-20,2026-03-20,FO,NSE,STO,129536,,ITC,,2026-03-30,2026-03-30,301.00,PE,ITC26MAR301PE,4.80,5.20,1.40,3.85,4.30,6.00,299.95,3.85,884800,342400,3941,1915683600.00,2245,F1,1600,,,,,
2026-03-20,2026-03-20,FO,NSE,STO,50108,,ITC,,2026-03-30,2026-03-30,255.00,CE,ITC26MAR255CE,0.00,0.00,0.00,61.35,0.00,61.35,299.95,45.35,0,0,0,0.00,0,F1,1600,,,,,
2026-03-20,2026-03-20,FO,NSE,STO,50117,,ITC,,2026-03-30,2026-03-30,265.00,CE,ITC26MAR265CE,0.00,0.00,0.00,51.60,0.00,51.60,299.95,35.35,0,0,0,0.00,0,F1,1600,,,,,
2026-03-20,2026-03-20,FO,NSE,STO,119492,,ITC,,2026-03-30,2026-03-30,273.50,CE,ITC26MAR273.5CE,0.00,0.00,0.00,32.65,32.65,32.65,299.95,26.85,1600,0,0,0.00,0,F1,1600,,,,,
2026-03-20,2026-03-20,FO,NSE,STO,119496,,ITC,,2026-03-30,2026-03-30,293.50,CE,ITC26MAR293.5CE,12.00,15.25,7.65,8.70,8.40,14.60,299.95,8.70,171200,1600,47,22877680.00,45,F1,1600,,,,,
2026-03-20,2026-03-20,FO,NSE,STO,129541,,ITC,,2026-03-30,2026-03-30,316.00,CE,ITC26MAR316CE,0.40,1.00,0.35,0.40,0.35,0.35,299.95,0.40,654400,-54400,385,195055920.00,307,F1,1600,,,,,
2026-03-20,2026-03-20,FO,NSE,STO,50177,,ITC,,2026-03-30,2026-03-30,325.00,CE,ITC26MAR325CE,0.15,0.30,0.15,0.20,0.20,0.15,299.95,0.20,6393600,-1008000,2995,1558496480.00,904,F1,1600,,,,,
2026-03-20,2026-03-20,FO,NSE,STO,117519,,ITC,,2026-04-28,2026-04-28,267.50,CE,ITC26APR267.5CE,0.00,0.00,0.00,59.35,0.00,59.35,299.95,34.30,0,0,0,0.00,0,F1,1600,,,,,
2026-03-20,2026-03-20,FO,NSE,STO,117527,,ITC,,2026-04-28,2026-04-28,287.50,CE,ITC26APR287.5CE,0.00,0.00,0.00,40.85,0.00,40.85,299.95,16.80,0,0,0,0.00,0,F1,1600,,,,,
2026-03-20,2026-03-20,FO,NSE,STO,50401,,ITC,,2026-04-28,2026-04-28,300.00,CE,ITC26APR300CE,10.05,14.75,9.85,10.30,10.50,9.70,299.95,10.30,1400000,267200,1374,685063840.00,981,F1,1600,,,,,
2026-03-20,2026-03-20,FO,NSE,STO,117535,,ITC,,2026-04-28,2026-04-28,307.50,CE,ITC26APR307.5CE,7.85,9.70,6.45,6.80,6.55,6.10,299.95,6.80,116800,19200,113,57115520.00,73,F1,1600,,,,,
2026-03-20,2026-03-20,FO,NSE,STO,129810,,ITC,,2026-04-28,2026-04-28,343.50,CE,ITC26APR343.5CE,0.95,1.00,0.90,0.90,0.90,0.95,299.95,0.90,204800,20800,26,14329680.00,18,F1,1600,,,,,
2026-03-20,2026-03-20,FO,NSE,STO,50441,,ITC,,2026-04-28,2026-04-28,355.00,CE,ITC26APR355CE,0.60,0.60,0.50,0.60,0.60,0.60,299.95,0.05,36800,0,3,1706720.00,3,F1,1600,,,,,
2026-03-20,2026-03-20,FO,NSE,STO,119486,,ITC,,2026-03-30,2026-03-30,243.50,PE,ITC26MAR243.5PE,0.10,0.10,0.10,0.10,0.10,0.10,299.95,0.10,259200,-25600,33,12862080.00,33,F1,1600,,,,,
2026-03-20,2026-03-20,FO,NSE,STO,119493,,ITC,,2026-03-30,2026-03-30,273.50,PE,ITC26MAR273.5PE,0.30,0.30,0.30,0.30,0.30,0.45,299.95,0.30,65600,-30400,34,14894720.00,21,F1,1600,,,,,
2026-03-20,2026-03-20,FO,NSE,STO,50130,,ITC,,2026-03-30,2026-03-30,277.50,PE,ITC26MAR277.5PE,0.00,0.00,0.00,0.05,0.05,0.05,299.95,0.05,1600,0,0,0.00,0,F1,1600,,,,,
2026-03-20,2026-03-20,FO,NSE,STO,37776,,ITC,,2026-03-30,2026-03-30,288.50,PE,ITC26MAR288.5PE,1.10,1.20,0.35,0.95,0.95,1.80,299.95,0.95,262400,-83200,289,133657680.00,203,F1,1600,,,,,
2026-03-20,2026-03-20,FO,NSE,STO,117932,,ITC,,2026-05-26,2026-05-26,330.00,PE,ITC26MAY330PE,0.00,0.00,0.00,16.45,0.00,16.45,299.95,29.10,0,0,0,0.00,0,F1,1600,,,,,
2026-03-20,2026-03-20,FO,NSE,STO,117922,,ITC,,2026-05-26,2026-05-26,305.00,PE,ITC26MAY305PE,0.00,0.00,0.00,6.35,0.00,6.35,299.95,11.45,0,0,0,0.00,0,F1,1600,,,,,
2026-03-20,2026-03-20,FO,NSE,STO,117899,,ITC,,2026-05-26,2026-05-26,250.00,PE,ITC26MAY250PE,0.00,0.00,0.00,0.20,0.00,0.20,299.95,0.10,0,0,0,0.00,0,F1,1600,,,,,
2026-03-20,2026-03-20,FO,NSE,STO,50442,,ITC,,2026-04-28,2026-04-28,355.00,PE,ITC26APR355PE,0.00,0.00,0.00,53.10,53.10,53.10,299.95,53.00,14400,0,0,0.00,0,F1,1600,,,,,
2026-03-20,2026-03-20,FO,NSE,STO,50440,,ITC,,2026-04-28,2026-04-28,350.00,PE,ITC26APR350PE,50.45,50.45,40.00,47.00,47.00,48.10,299.95,47.00,148800,22400,37,23207120.00,28,F1,1600,,,,,
2026-03-20,2026-03-20,FO,NSE,STO,117554,,ITC,,2026-04-28,2026-04-28,337.50,PE,ITC26APR337.5PE,0.00,0.00,0.00,19.10,0.00,19.10,299.95,35.95,0,0,0,0.00,0,F1,1600,,,,,
2026-03-20,2026-03-20,FO,NSE,STO,129807,,ITC,,2026-04-28,2026-04-28,333.50,PE,ITC26APR333.5PE,29.50,29.50,29.50,29.50,29.50,28.50,299.95,32.20,6400,0,1,580800.00,1,F1,1600,,,,,
2026-03-20,2026-03-20,FO,NSE,STO,50414,,ITC,,2026-04-28,2026-04-28,325.00,PE,ITC26APR325PE,21.10,25.80,14.65,24.35,25.80,25.00,299.95,24.35,478400,336000,419,231130800.00,207,F1,1600,,,,,
2026-03-20,2026-03-20,FO,NSE,STO,117526,,ITC,,2026-04-28,2026-04-28,282.50,PE,ITC26APR282.5PE,1.55,1.75,1.55,1.70,1.70,3.15,299.95,1.65,403200,3200,5,2273360.00,4,F1,1600,,,,,
2026-03-20,2026-03-20,FO,NSE,STO,50238,,ITC,,2026-03-30,2026-03-30,390.00,PE,ITC26MAR390PE,0.00,0.00,0.00,91.25,91.25,91.25,299.95,89.45,296000,0,0,0.00,0,F1,1600,,,,,
2026-03-20,2026-03-20,FO,NSE,STO,50224,,ITC,,2026-03-30,2026-03-30,375.00,PE,ITC26MAR375PE,67.30,67.30,67.30,67.30,67.30,76.75,299.95,74.50,180800,0,1,707680.00,1,F1,1600,,,,,
2026-03-20,2026-03-20,FO,NSE,STO,119551,,ITC,,2026-03-30,2026-03-30,358.50,PE,ITC26MAR358.5PE,0.00,0.00,0.00,61.00,61.00,61.00,299.95,58.00,60800,0,0,0.00,0,F1,1600,,,,,
2026-03-20,2026-03-20,FO,NSE,STO,50161,,ITC,,2026-03-30,2026-03-30,312.50,PE,ITC26MAR312.5PE,10.50,14.05,6.10,12.50,12.90,14.75,299.95,12.50,542400,-19200,159,81804560.00,154,F1,1600,,,,,
2026-03-20,2026-03-20,FO,NSE,STO,129538,,ITC,,2026-03-30,2026-03-30,306.00,PE,ITC26MAR306PE,6.65,8.55,2.65,6.90,7.50,9.05,299.95,6.90,2040000,1091200,4299,2131463840.00,2855,F1,1600,,,,,
2026-03-20,2026-03-20,FO,NSE,STO,117927,,ITC,,2026-05-26,2026-05-26,320.00,CE,ITC26MAY320CE,0.00,0.00,0.00,20.45,0.00,20.45,299.95,4.30,0,0,0,0.00,0,F1,1600,,,,,
2026-03-20,2026-03-20,FO,NSE,STO,50451,,ITC,,2026-04-28,2026-04-28,360.00,CE,ITC26APR360CE,0.60,0.60,0.45,0.45,0.45,0.55,299.95,0.45,414400,-9600,95,54796480.00,42,F1,1600,,,,,
2026-03-20,2026-03-20,FO,NSE,STO,50425,,ITC,,2026-04-28,2026-04-28,340.00,CE,ITC26APR340CE,0.90,1.30,0.90,0.95,1.00,0.95,299.95,0.95,1123200,92800,353,192634240.00,222,F1,1600,,,,,
2026-03-20,2026-03-20,FO,NSE,STO,50399,,ITC,,2026-04-28,2026-04-28,295.00,CE,ITC26APR295CE,0.00,0.00,0.00,28.25,0.00,28.25,299.95,11.65,0,0,0,0.00,0,F1,1600,,,,,
2026-03-20,2026-03-20,FO,NSE,STO,50389,,ITC,,2026-04-28,2026-04-28,280.00,CE,ITC26APR280CE,31.50,31.85,24.95,25.00,25.05,23.05,299.95,25.00,27200,16000,18,8905360.00,11,F1,1600,,,,,
2026-03-20,2026-03-20,FO,NSE,STO,129553,,ITC,,2026-03-30,2026-03-30,346.00,CE,ITC26MAR346CE,0.10,0.15,0.10,0.10,0.10,0.15,299.95,0.10,112000,-28800,38,21044240.00,5,F1,1600,,,,,
2026-03-20,2026-03-20,FO,NSE,STO,129551,,ITC,,2026-03-30,2026-03-30,341.00,CE,ITC26MAR341CE,0.00,0.00,0.00,0.15,0.15,0.15,299.95,0.05,132800,0,0,0.00,0,F1,1600,,,,,
2026-03-20,2026-03-20,FO,NSE,STO,50194,,ITC,,2026-03-30,2026-03-30,340.00,CE,ITC26MAR340CE,0.15,0.20,0.10,0.10,0.10,0.15,299.95,0.10,6168000,-312000,1316,716197120.00,176,F1,1600,,,,,
2026-03-20,2026-03-20,FO,NSE,STO,50131,,ITC,,2026-03-30,2026-03-30,280.00,CE,ITC26MAR280CE,21.00,25.50,19.85,20.85,20.60,19.20,299.95,20.85,17600,-3200,22,10624960.00,21,F1,1600,,,,,
2026-03-20,2026-03-20,FO,NSE,STO,117931,,ITC,,2026-05-26,2026-05-26,330.00,CE,ITC26MAY330CE,5.55,5.75,4.70,4.75,4.70,4.75,299.95,4.75,76800,1600,11,5902000.00,11,F1,1600,,,,,
2026-03-20,2026-03-20,FO,NSE,STO,117910,,ITC,,2026-05-26,2026-05-26,275.00,PE,ITC26MAY275PE,0.00,0.00,0.00,1.20,0.00,1.20,299.95,1.65,0,0,0,0.00,0,F1,1600,,,,,
2026-03-20,2026-03-20,FO,NSE,STO,117912,,ITC,,2026-05-26,2026-05-26,280.00,PE,ITC26MAY280PE,0.00,0.00,0.00,1.65,0.00,1.65,299.95,2.50,0,0,0,0.00,0,F1,1600,,,,,
2026-03-20,2026-03-20,FO,NSE,STO,50173,,ITC,,2026-03-30,2026-03-30,320.00,CE,ITC26MAR320CE,0.30,0.55,0.20,0.25,0.25,0.25,299.95,0.25,12868800,-264000,10314,5286468640.00,2283,F1,1600,,,,,
2026-03-20,2026-03-20,FO,NSE,STO,117908,,ITC,,2026-05-26,2026-05-26,270.00,PE,ITC26MAY270PE,0.00,0.00,0.00,0.85,0.00,0.85,299.95,1.05,0,0,0,0.00,0,F1,1600,,,,,
2026-03-20,2026-03-20,FO,NSE,STO,117543,,ITC,,2026-04-28,2026-04-28,322.50,PE,ITC26APR322.5PE,0.00,0.00,0.00,11.80,11.80,11.80,299.95,22.35,3200,0,0,0.00,0,F1,1600,,,,,
2026-03-20,2026-03-20,FO,NSE,STO,50384,,ITC,,2026-04-28,2026-04-28,265.00,PE,ITC26APR265PE,0.75,1.15,0.70,1.15,1.15,1.10,299.95,1.15,172800,-3200,46,19570160.00,29,F1,1600,,,,,
2026-03-20,2026-03-20,FO,NSE,STO,50157,,ITC,,2026-03-30,2026-03-30,307.50,PE,ITC26MAR307.5PE,8.65,9.65,3.25,8.15,8.60,10.65,299.95,8.15,1116800,395200,3166,1580881680.00,2554,F1,1600,,,,,
2026-03-20,2026-03-20,FO,NSE,STO,50141,,ITC,,2026-03-30,2026-03-30,292.50,CE,ITC26MAR292.5CE,0.00,0.00,0.00,11.95,11.95,11.95,299.95,9.10,1600,0,0,0.00,0,F1,1600,,,,,
2026-03-20,2026-03-20,FO,NSE,STO,50216,,ITC,,2026-03-30,2026-03-30,365.00,PE,ITC26MAR365PE,61.00,61.00,57.50,59.00,59.00,64.00,299.95,64.50,131200,-9600,6,4068880.00,5,F1,1600,,,,,
2026-03-20,2026-03-20,FO,NSE,STO,50208,,ITC,,2026-03-30,2026-03-30,355.00,PE,ITC26MAR355PE,50.00,50.25,50.00,50.05,50.05,55.50,299.95,54.50,137600,-1600,4,2592640.00,4,F1,1600,,,,,
2026-03-20,2026-03-20,FO,NSE,STO,50187,,ITC,,2026-03-30,2026-03-30,332.50,PE,ITC26MAR332.5PE,29.25,29.50,28.80,29.50,29.50,33.65,299.95,32.05,134400,-3200,7,4050560.00,6,F1,1600,,,,,
2026-03-20,2026-03-20,FO,NSE,STO,50181,,ITC,,2026-03-30,2026-03-30,327.50,PE,ITC26MAR327.5PE,19.40,28.35,19.40,26.55,27.60,22.75,299.95,26.55,638400,-12800,63,35677040.00,55,F1,1600,,,,,
2026-03-20,2026-03-20,FO,NSE,STO,117920,,ITC,,2026-05-26,2026-05-26,300.00,PE,ITC26MAY300PE,8.45,8.45,7.30,8.30,8.30,5.05,299.95,8.95,16000,16000,13,6407920.00,13,F1,1600,,,,,
2026-03-20,2026-03-20,FO,NSE,STO,117956,,ITC,,2026-05-26,2026-05-26,350.00,PE,ITC26MAY350PE,0.00,0.00,0.00,28.80,0.00,28.80,299.95,47.10,0,0,0,0.00,0,F1,1600,,,,,
2026-03-20,2026-03-20,FO,NSE,STO,117970,,ITC,,2026-05-26,2026-05-26,380.00,PE,ITC26MAY380PE,0.00,0.00,0.00,52.80,0.00,52.80,299.95,76.30,0,0,0,0.00,0,F1,1600,,,,,
2026-03-20,2026-03-20,FO,NSE,STO,50145,,ITC,,2026-03-30,2026-03-30,297.50,CE,ITC26MAR297.5CE,6.10,11.50,4.95,5.90,5.60,4.95,299.95,5.90,241600,-43200,870,423690800.00,801,F1,1600,,,,,
2026-03-20,2026-03-20,FO,NSE,STO,119498,,ITC,,2026-03-30,2026-03-30,303.50,CE,ITC26MAR303.5CE,2.70,6.55,2.15,2.70,2.40,2.30,299.95,2.70,3476800,2382400,9004,4426909840.00,4762,F1,1600,,,,,
2026-03-20,2026-03-20,FO,NSE,STO,50154,,ITC,,2026-03-30,2026-03-30,305.00,CE,ITC26MAR305CE,2.10,5.55,1.70,2.10,1.95,1.85,299.95,2.10,6232000,1203200,22714,11211159520.00,12598,F1,1600,,,,,
2026-03-20,2026-03-20,FO,NSE,STO,129537,,ITC,,2026-03-30,2026-03-30,306.00,CE,ITC26MAR306CE,1.80,4.85,1.45,1.80,1.60,1.60,299.95,1.80,3505600,2299200,10871,5378866480.00,6030,F1,1600,,,,,
2026-03-20,2026-03-20,FO,NSE,STO,50175,,ITC,,2026-03-30,2026-03-30,322.50,CE,ITC26MAR322.5CE,0.25,0.40,0.20,0.25,0.25,0.15,299.95,0.25,792000,11200,357,184375840.00,271,F1,1600,,,,,
2026-03-20,2026-03-20,FO,NSE,STO,50365,,ITC,,2026-04-28,2026-04-28,240.00,CE,ITC26APR240CE,0.00,0.00,0.00,77.40,0.00,77.40,299.95,61.35,0,0,0,0.00,0,F1,1600,,,,,
2026-03-20,2026-03-20,FO,NSE,STO,50383,,ITC,,2026-04-28,2026-04-28,265.00,CE,ITC26APR265CE,0.00,0.00,0.00,53.40,0.00,53.40,299.95,36.70,0,0,0,0.00,0,F1,1600,,,,,
2026-03-20,2026-03-20,FO,NSE,STO,50391,,ITC,,2026-04-28,2026-04-28,285.00,CE,ITC26APR285CE,0.00,0.00,0.00,35.90,0.00,35.90,299.95,18.70,0,0,0,0.00,0,F1,1600,,,,,
2026-03-20,2026-03-20,FO,NSE,STO,129806,,ITC,,2026-04-28,2026-04-28,333.50,CE,ITC26APR333.5CE,1.35,1.60,1.30,1.30,1.30,1.30,299.95,1.30,14400,4800,4,2143760.00,4,F1,1600,,,,,
2026-03-20,2026-03-20,FO,NSE,STO,117549,,ITC,,2026-04-28,2026-04-28,337.50,CE,ITC26APR337.5CE,0.00,0.00,0.00,1.00,1.00,1.00,299.95,0.40,4800,0,0,0.00,0,F1,1600,,,,,
2026-03-20,2026-03-20,FO,NSE,STO,50463,,ITC,,2026-04-28,2026-04-28,380.00,CE,ITC26APR380CE,0.40,0.45,0.35,0.35,0.35,0.35,299.95,0.35,3803200,-11200,128,77904160.00,27,F1,1600,,,,,
2026-03-20,2026-03-20,FO,NSE,STO,50114,,ITC,,2026-03-30,2026-03-30,260.00,PE,ITC26MAR260PE,0.10,0.15,0.05,0.10,0.10,0.10,299.95,0.05,150400,-6400,6,2496960.00,5,F1,1600,,,,,
2026-03-20,2026-03-20,FO,NSE,STO,50128,,ITC,,2026-03-30,2026-03-30,275.00,PE,ITC26MAR275PE,0.25,0.25,0.20,0.25,0.25,0.45,299.95,0.25,94400,-3200,54,23778640.00,30,F1,1600,,,,,
2026-03-20,2026-03-20,FO,NSE,STO,129513,,ITC,,2026-03-30,2026-03-30,281.00,PE,ITC26MAR281PE,0.25,0.25,0.25,0.25,0.25,0.70,299.95,0.10,94400,22400,87,39150000.00,54,F1,1600,,,,,
2026-03-20,2026-03-20,FO,NSE,STO,119497,,ITC,,2026-03-30,2026-03-30,293.50,PE,ITC26MAR293.5PE,2.30,2.30,0.60,1.70,1.90,2.85,299.95,1.70,334400,22400,292,137681680.00,249,F1,1600,,,,,
2026-03-20,2026-03-20,FO,NSE,STO,50200,,ITC,,2026-03-30,2026-03-30,345.00,PE,ITC26MAR345PE,44.20,44.20,41.00,41.60,41.60,39.25,299.95,44.55,188800,-12800,15,9276000.00,6,F1,1600,,,,,
2026-03-20,2026-03-20,FO,NSE,STO,119555,,ITC,,2026-03-30,2026-03-30,368.50,PE,ITC26MAR368.5PE,0.00,0.00,0.00,62.00,62.00,62.00,299.95,68.00,40000,0,0,0.00,0,F1,1600,,,,,
2026-03-20,2026-03-20,FO,NSE,STO,50372,,ITC,,2026-04-28,2026-04-28,245.00,PE,ITC26APR245PE,0.00,0.00,0.00,0.15,0.00,0.15,299.95,0.05,0,0,0,0.00,0,F1,1600,,,,,
2026-03-20,2026-03-20,FO,NSE,STO,117530,,ITC,,2026-04-28,2026-04-28,292.50,PE,ITC26APR292.5PE,3.45,5.40,2.85,4.75,5.40,4.75,299.95,4.75,57600,49600,39,18513280.00,36,F1,1600,,,,,
2026-03-20,2026-03-20,FO,NSE,STO,50426,,ITC,,2026-04-28,2026-04-28,340.00,PE,ITC26APR340PE,38.95,39.55,30.60,38.95,39.55,39.85,299.95,38.95,139200,30400,32,19126000.00,30,F1,1600,,,,,
2026-03-20,2026-03-20,FO,NSE,STO,50456,,ITC,,2026-04-28,2026-04-28,370.00,PE,ITC26APR370PE,63.00,65.00,63.00,65.00,65.00,65.00,299.95,65.00,6400,3200,2,1388800.00,2,F1,1600,,,,,
2026-03-20,2026-03-20,FO,NSE,STO,129548,,ITC,,2026-03-30,2026-03-30,331.00,PE,ITC26MAR331PE,0.00,0.00,0.00,27.00,27.00,27.00,299.95,30.55,68800,0,0,0.00,0,F1,1600,,,,,
2026-03-20,2026-03-20,FO,NSE,STO,119537,,ITC,,2026-03-30,2026-03-30,333.50,PE,ITC26MAR333.5PE,27.00,27.40,26.00,26.00,26.00,34.45,299.95,33.05,688000,-4800,7,4035920.00,7,F1,1600,,,,,
2026-03-20,2026-03-20,FO,NSE,STO,50204,,ITC,,2026-03-30,2026-03-30,350.00,PE,ITC26MAR350PE,46.10,50.00,42.30,49.50,50.00,50.60,299.95,49.50,1436800,-43200,42,26556000.00,38,F1,1600,,,,,
2026-03-20,2026-03-20,FO,NSE,STO,50218,,ITC,,2026-03-30,2026-03-30,367.50,PE,ITC26MAR367.5PE,61.80,74.35,61.80,74.35,74.35,35.00,299.95,67.00,4800,1600,2,1393840.00,2,F1,1600,,,,,
2026-03-20,2026-03-20,FO,NSE,STO,50380,,ITC,,2026-04-28,2026-04-28,255.00,PE,ITC26APR255PE,0.00,0.00,0.00,0.35,0.00,0.35,299.95,0.05,0,0,0,0.00,0,F1,1600,,,,,
2026-03-20,2026-03-20,FO,NSE,STO,50386,,ITC,,2026-04-28,2026-04-28,270.00,PE,ITC26APR270PE,0.00,0.00,0.00,1.10,0.00,1.10,299.95,0.35,0,0,0,0.00,0,F1,1600,,,,,
2026-03-20,2026-03-20,FO,NSE,STO,50388,,ITC,,2026-04-28,2026-04-28,275.00,PE,ITC26APR275PE,1.15,2.00,1.15,1.45,2.00,1.55,299.95,1.45,19200,19200,13,5749440.00,10,F1,1600,,,,,
2026-03-20,2026-03-20,FO,NSE,STO,50408,,ITC,,2026-04-28,2026-04-28,315.00,PE,ITC26APR315PE,14.40,15.45,10.95,15.15,15.45,18.00,299.95,15.15,188800,-1600,119,62246160.00,68,F1,1600,,,,,
2026-03-20,2026-03-20,FO,NSE,STO,117556,,ITC,,2026-04-28,2026-04-28,342.50,PE,ITC26APR342.5PE,34.20,34.20,34.20,34.20,34.20,22.40,299.95,40.75,1600,1600,1,602720.00,1,F1,1600,,,,,
2026-03-20,2026-03-20,FO,NSE,STO,50454,,ITC,,2026-04-28,2026-04-28,365.00,PE,ITC26APR365PE,56.50,58.00,56.50,58.00,58.00,48.05,299.95,62.90,3200,3200,2,1351200.00,2,F1,1600,,,,,
2026-03-20,2026-03-20,FO,NSE,STO,117918,,ITC,,2026-05-26,2026-05-26,295.00,PE,ITC26MAY295PE,0.00,0.00,0.00,3.90,0.00,3.90,299.95,6.80,0,0,0,0.00,0,F1,1600,,,,,
2026-03-20,2026-03-20,FO,NSE,STO,117938,,ITC,,2026-05-26,2026-05-26,345.00,PE,ITC26MAY345PE,0.00,0.00,0.00,25.40,0.00,25.40,299.95,42.40,0,0,0,0.00,0,F1,1600,,,,,
2026-03-20,2026-03-20,FO,NSE,STO,129543,,ITC,,2026-03-30,2026-03-30,321.00,CE,ITC26MAR321CE,0.25,0.45,0.20,0.25,0.20,0.20,299.95,0.25,598400,11200,90,46269120.00,77,F1,1600,,,,,
2026-03-20,2026-03-20,FO,NSE,STO,50182,,ITC,,2026-03-30,2026-03-30,330.00,CE,ITC26MAR330CE,0.15,0.25,0.15,0.15,0.15,0.20,299.95,0.15,9420800,-467200,2705,1429090160.00,504,F1,1600,,,,,
2026-03-20,2026-03-20,FO,NSE,STO,119536,,ITC,,2026-03-30,2026-03-30,333.50,CE,ITC26MAR333.5CE,0.15,0.20,0.10,0.15,0.15,0.15,299.95,0.15,740800,-70400,100,53383040.00,36,F1,1600,,,,,
2026-03-20,2026-03-20,FO,NSE,STO,50199,,ITC,,2026-03-30,2026-03-30,345.00,CE,ITC26MAR345CE,0.15,0.15,0.10,0.10,0.10,0.10,299.95,0.10,632000,-38400,86,47486800.00,29,F1,1600,,,,,
2026-03-20,2026-03-20,FO,NSE,STO,119560,,ITC,,2026-03-30,2026-03-30,383.50,CE,ITC26MAR383.5CE,0.05,0.05,0.05,0.05,0.05,0.05,299.95,0.05,128000,0,60,36820800.00,16,F1,1600,,,,,
2026-03-20,2026-03-20,FO,NSE,STO,50367,,ITC,,2026-04-28,2026-04-28,245.00,CE,ITC26APR245CE,0.00,0.00,0.00,72.50,0.00,72.50,299.95,56.40,0,0,0,0.00,0,F1,1600,,,,,
2026-03-20,2026-03-20,FO,NSE,STO,50385,,ITC,,2026-04-28,2026-04-28,270.00,CE,ITC26APR270CE,0.00,0.00,0.00,33.00,33.00,33.00,299.95,31.90,1600,0,0,0.00,0,F1,1600,,,,,
2026-03-20,2026-03-20,FO,NSE,STO,117523,,ITC,,2026-04-28,2026-04-28,277.50,CE,ITC26APR277.5CE,0.00,0.00,0.00,49.90,0.00,49.90,299.95,25.00,0,0,0,0.00,0,F1,1600,,,,,
2026-03-20,2026-03-20,FO,NSE,STO,50407,,ITC,,2026-04-28,2026-04-28,315.00,CE,ITC26APR315CE,4.15,6.40,4.05,4.25,4.30,3.90,299.95,4.25,601600,-14400,420,215124080.00,360,F1,1600,,,,,
2026-03-20,2026-03-20,FO,NSE,STO,117544,,ITC,,2026-04-28,2026-04-28,327.50,CE,ITC26APR327.5CE,0.00,0.00,0.00,3.00,3.00,3.00,299.95,1.10,9600,0,0,0.00,0,F1,1600,,,,,
2026-03-20,2026-03-20,FO,NSE,STO,50433,,ITC,,2026-04-28,2026-04-28,345.00,CE,ITC26APR345CE,0.00,0.00,0.00,5.30,0.00,5.30,299.95,0.15,0,0,0,0.00,0,F1,1600,,,,,
2026-03-20,2026-03-20,FO,NSE,STO,117853,,ITC,,2026-05-26,2026-05-26,240.00,CE,ITC26MAY240CE,0.00,0.00,0.00,87.55,0.00,87.55,299.95,62.40,0,0,0,0.00,0,F1,1600,,,,,
2026-03-20,2026-03-20,FO,NSE,STO,117913,,ITC,,2026-05-26,2026-05-26,285.00,CE,ITC26MAY285CE,0.00,0.00,0.00,45.45,0.00,45.45,299.95,21.40,0,0,0,0.00,0,F1,1600,,,,,
2026-03-20,2026-03-20,FO,NSE,STO,117925,,ITC,,2026-05-26,2026-05-26,315.00,CE,ITC26MAY315CE,0.00,0.00,0.00,23.35,0.00,23.35,299.95,5.70,0,0,0,0.00,0,F1,1600,,,,,
2026-03-20,2026-03-20,FO,NSE,STO,50151,,ITC,,2026-03-30,2026-03-30,300.00,PE,ITC26MAR300PE,4.40,4.70,1.20,3.55,3.95,5.40,299.95,3.55,3555200,433600,12702,6144999600.00,7027,F1,1600,,,,,
2026-03-20,2026-03-20,FO,NSE,STO,50163,,ITC,,2026-03-30,2026-03-30,315.00,PE,ITC26MAR315PE,13.20,16.40,8.00,14.65,15.55,16.70,299.95,14.65,2324800,-80000,250,130150560.00,228,F1,1600,,,,,
2026-03-20,2026-03-20,FO,NSE,STO,129546,,ITC,,2026-03-30,2026-03-30,326.00,PE,ITC26MAR326PE,22.70,22.70,18.00,18.00,18.00,18.00,299.95,25.60,444800,-1600,2,1108320.00,2,F1,1600,,,,,
2026-03-20,2026-03-20,FO,NSE,STO,50415,,ITC,,2026-04-28,2026-04-28,330.00,CE,ITC26APR330CE,1.80,2.35,1.60,1.65,1.70,1.60,299.95,1.65,1569600,140800,712,378223120.00,445,F1,1600,,,,,
2026-03-20,2026-03-20,FO,NSE,STO,50403,,ITC,,2026-04-28,2026-04-28,305.00,CE,ITC26APR305CE,7.65,11.40,7.50,7.95,7.85,7.25,299.95,7.95,769600,428800,943,474087280.00,710,F1,1600,,,,,
2026-03-20,2026-03-20,FO,NSE,STO,117531,,ITC,,2026-04-28,2026-04-28,297.50,CE,ITC26APR297.5CE,11.55,15.80,11.25,11.40,11.30,10.85,299.95,11.40,22400,9600,12,5959120.00,12,F1,1600,,,,,
2026-03-20,2026-03-20,FO,NSE,STO,50228,,ITC,,2026-03-30,2026-03-30,380.00,CE,ITC26MAR380CE,0.05,0.05,0.05,0.05,0.05,0.05,299.95,0.05,401600,-76800,63,38309040.00,20,F1,1600,,,,,
2026-03-20,2026-03-20,FO,NSE,STO,50143,,ITC,,2026-03-30,2026-03-30,295.00,CE,ITC26MAR295CE,7.60,13.70,6.55,7.70,7.25,6.45,299.95,7.70,254400,-22400,937,456165520.00,792,F1,1600,,,,,
2026-03-20,2026-03-20,FO,NSE,STO,119494,,ITC,,2026-03-30,2026-03-30,283.50,CE,ITC26MAR283.5CE,0.00,0.00,0.00,25.00,25.00,25.00,299.95,17.05,8000,0,0,0.00,0,F1,1600,,,,,
2026-03-20,2026-03-20,FO,NSE,STO,117924,,ITC,,2026-05-26,2026-05-26,310.00,PE,ITC26MAY310PE,0.00,0.00,0.00,10.00,10.00,10.00,299.95,14.35,1600,0,0,0.00,0,F1,1600,,,,,
2026-03-20,2026-03-20,FO,NSE,STO,117914,,ITC,,2026-05-26,2026-05-26,285.00,PE,ITC26MAY285PE,0.00,0.00,0.00,2.25,0.00,2.25,299.95,3.60,0,0,0,0.00,0,F1,1600,,,,,
2026-03-20,2026-03-20,FO,NSE,STO,50452,,ITC,,2026-04-28,2026-04-28,360.00,PE,ITC26APR360PE,50.00,55.00,49.70,55.00,55.00,60.00,299.95,55.00,40000,6400,6,3950160.00,6,F1,1600,,,,,
2026-03-20,2026-03-20,FO,NSE,STO,119576,,ITC,,2026-03-30,2026-03-30,413.50,CE,ITC26MAR413.5CE,0.05,0.05,0.05,0.05,0.05,0.05,299.95,0.05,179200,0,2,1323360.00,1,F1,1600,,,,,
2026-03-20,2026-03-20,FO,NSE,STO,50219,,ITC,,2026-03-30,2026-03-30,370.00,CE,ITC26MAR370CE,0.05,0.05,0.05,0.05,0.05,0.05,299.95,0.05,665600,-35200,22,13025760.00,4,F1,1600,,,,,
2026-03-20,2026-03-20,FO,NSE,STO,129814,,ITC,,2026-04-28,2026-04-28,353.50,CE,ITC26APR353.5CE,0.00,0.00,0.00,1.45,1.45,1.45,299.95,0.05,48000,0,0,0.00,0,F1,1600,,,,,
2026-03-20,2026-03-20,FO,NSE,STO,117937,,ITC,,2026-05-26,2026-05-26,345.00,CE,ITC26MAY345CE,0.00,0.00,0.00,9.55,0.00,9.55,299.95,0.85,0,0,0,0.00,0,F1,1600,,,,,
2026-03-20,2026-03-20,FO,NSE,STO,117969,,ITC,,2026-05-26,2026-05-26,380.00,CE,ITC26MAY380CE,0.00,0.00,0.00,2.55,0.00,2.55,299.95,0.05,0,0,0,0.00,0,F1,1600,,,,,
2026-03-20,2026-03-20,FO,NSE,STO,37772,,ITC,,2026-03-30,2026-03-30,268.50,PE,ITC26MAR268.5PE,0.00,0.00,0.00,0.35,0.35,0.35,299.95,0.05,16000,0,0,0.00,0,F1,1600,,,,,
2026-03-20,2026-03-20,FO,NSE,STO,50136,,ITC,,2026-03-30,2026-03-30,285.00,PE,ITC26MAR285PE,0.90,0.90,0.30,0.70,0.65,1.20,299.95,0.70,1025600,17600,539,246179600.00,441,F1,1600,,,,,
2026-03-20,2026-03-20,FO,NSE,STO,50142,,ITC,,2026-03-30,2026-03-30,292.50,PE,ITC26MAR292.5PE,1.35,1.90,0.55,1.70,1.55,2.65,299.95,1.70,294400,-17600,208,97731280.00,173,F1,1600,,,,,
2026-03-20,2026-03-20,FO,NSE,STO,50153,,ITC,,2026-03-30,2026-03-30,302.50,PE,ITC26MAR302.5PE,5.30,6.00,1.70,4.65,5.20,6.75,299.95,4.65,1139200,518400,3574,1749669120.00,2413,F1,1600,,,,,
2026-03-20,2026-03-20,FO,NSE,STO,119499,,ITC,,2026-03-30,2026-03-30,303.50,PE,ITC26MAR303.5PE,5.75,6.70,1.95,5.05,5.75,7.40,299.95,5.05,1115200,491200,4088,2007452160.00,2896,F1,1600,,,,,
2026-03-20,2026-03-20,FO,NSE,STO,119501,,ITC,,2026-03-30,2026-03-30,308.50,PE,ITC26MAR308.5PE,9.05,10.50,3.75,8.70,9.40,11.30,299.95,8.70,753600,76800,1153,579344880.00,1033,F1,1600,,,,,
2026-03-20,2026-03-20,FO,NSE,STO,50392,,ITC,,2026-04-28,2026-04-28,285.00,PE,ITC26APR285PE,2.65,3.60,1.80,3.20,3.55,4.00,299.95,3.20,43200,33600,36,16548720.00,26,F1,1600,,,,,
2026-03-20,2026-03-20,FO,NSE,STO,129747,,ITC,,2026-04-28,2026-04-28,293.50,PE,ITC26APR293.5PE,5.00,5.90,3.00,5.60,5.90,6.20,299.95,5.60,67200,-8000,62,29568720.00,48,F1,1600,,,,,
2026-03-20,2026-03-20,FO,NSE,STO,117545,,ITC,,2026-04-28,2026-04-28,327.50,PE,ITC26APR327.5PE,0.00,0.00,0.00,13.35,0.00,13.35,299.95,26.70,0,0,0,0.00,0,F1,1600,,,,,
2026-03-20,2026-03-20,FO,NSE,STO,50217,,ITC,,2026-03-30,2026-03-30,367.50,CE,ITC26MAR367.5CE,0.05,0.05,0.05,0.05,0.05,0.10,299.95,0.05,22400,-1600,4,2352320.00,4,F1,1600,,,,,
2026-03-20,2026-03-20,FO,NSE,STO,119552,,ITC,,2026-03-30,2026-03-30,363.50,CE,ITC26MAR363.5CE,0.10,0.10,0.10,0.10,0.10,0.05,299.95,0.05,601600,0,5,2908800.00,5,F1,1600,,,,,
2026-03-20,2026-03-20,FO,NSE,STO,50160,,ITC,,2026-03-30,2026-03-30,312.50,CE,ITC26MAR312.5CE,0.65,1.80,0.50,0.60,0.55,0.55,299.95,0.60,4403200,-11200,1675,840507520.00,1200,F1,1600,,,,,
2026-03-20,2026-03-20,FO,NSE,STO,129539,,ITC,,2026-03-30,2026-03-30,311.00,CE,ITC26MAR311CE,0.60,2.25,0.60,0.80,0.75,0.70,299.95,0.80,2904000,4800,1505,752319040.00,1127,F1,1600,,,,,
2026-03-20,2026-03-20,FO,NSE,STO,50156,,ITC,,2026-03-30,2026-03-30,307.50,CE,ITC26MAR307.5CE,1.40,3.95,1.10,1.40,1.25,1.25,299.95,1.40,4899200,1393600,14418,7159708000.00,7420,F1,1600,,,,,
2026-03-20,2026-03-20,FO,NSE,STO,50137,,ITC,,2026-03-30,2026-03-30,287.50,CE,ITC26MAR287.5CE,0.00,0.00,0.00,31.10,0.00,31.10,299.95,13.35,0,0,0,0.00,0,F1,1600,,,,,
2026-03-20,2026-03-20,FO,NSE,STO,117533,,ITC,,2026-04-28,2026-04-28,302.50,CE,ITC26APR302.5CE,9.40,11.90,9.40,10.25,10.25,7.95,299.95,10.25,8000,4800,4,2001520.00,4,F1,1600,,,,,
2026-03-20,2026-03-20,FO,NSE,STO,117529,,ITC,,2026-04-28,2026-04-28,292.50,CE,ITC26APR292.5CE,15.00,16.45,15.00,16.45,16.45,13.60,299.95,13.25,11200,-1600,2,986320.00,2,F1,1600,,,,,
2026-03-20,2026-03-20,FO,NSE,STO,50405,,ITC,,2026-04-28,2026-04-28,310.00,CE,ITC26APR310CE,5.65,8.70,5.60,5.80,5.90,5.25,299.95,5.80,2092800,158400,1147,581380880.00,904,F1,1600,,,,,
2026-03-20,2026-03-20,FO,NSE,STO,50232,,ITC,,2026-03-30,2026-03-30,385.00,CE,ITC26MAR385CE,0.05,0.05,0.05,0.05,0.05,0.05,299.95,0.05,113600,-4800,3,1848240.00,1,F1,1600,,,,,
2026-03-20,2026-03-20,FO,NSE,STO,119554,,ITC,,2026-03-30,2026-03-30,368.50,CE,ITC26MAR368.5CE,0.00,0.00,0.00,0.05,0.05,0.05,299.95,0.05,70400,0,0,0.00,0,F1,1600,,,,,
2026-03-20,2026-03-20,FO,NSE,STO,50211,,ITC,,2026-03-30,2026-03-30,360.00,CE,ITC26MAR360CE,0.05,0.05,0.05,0.05,0.05,0.05,299.95,0.05,2056000,-304000,195,112335600.00,27,F1,1600,,,,,
2026-03-20,2026-03-20,FO,NSE,STO,119550,,ITC,,2026-03-30,2026-03-30,358.50,CE,ITC26MAR358.5CE,0.05,0.05,0.05,0.05,0.05,0.05,299.95,0.05,28800,-6400,4,2294720.00,4,F1,1600,,,,,
2026-03-20,2026-03-20,FO,NSE,STO,50203,,ITC,,2026-03-30,2026-03-30,350.00,CE,ITC26MAR350CE,0.10,0.10,0.05,0.05,0.10,0.10,299.95,0.05,5129600,-483200,927,519206480.00,160,F1,1600,,,,,
2026-03-20,2026-03-20,FO,NSE,STO,129549,,ITC,,2026-03-30,2026-03-30,336.00,CE,ITC26MAR336CE,0.15,0.15,0.05,0.10,0.15,0.15,299.95,0.10,278400,-20800,61,32803200.00,22,F1,1600,,,,,
2026-03-20,2026-03-20,FO,NSE,STO,50180,,ITC,,2026-03-30,2026-03-30,327.50,CE,ITC26MAR327.5CE,0.20,0.30,0.15,0.25,0.20,0.20,299.95,0.25,1038400,8000,61,31985440.00,53,F1,1600,,,,,
2026-03-20,2026-03-20,FO,NSE,STO,50164,,ITC,,2026-03-30,2026-03-30,317.50,CE,ITC26MAR317.5CE,0.35,0.75,0.30,0.35,0.30,0.35,299.95,0.35,684800,-12800,364,185188080.00,274,F1,1600,,,,,
2026-03-20,2026-03-20,FO,NSE,STO,119502,,ITC,,2026-03-30,2026-03-30,313.50,CE,ITC26MAR313.5CE,0.55,1.50,0.50,0.55,0.50,0.50,299.95,0.55,873600,-3200,417,209803360.00,364,F1,1600,,,,,
2026-03-20,2026-03-20,FO,NSE,STO,50158,,ITC,,2026-03-30,2026-03-30,310.00,CE,ITC26MAR310CE,1.00,2.70,0.75,0.90,0.85,0.80,299.95,0.90,23838400,782400,20107,10025504960.00,10221,F1,1600,,,,,
2026-03-20,2026-03-20,FO,NSE,STO,117964,,ITC,,2026-05-26,2026-05-26,370.00,PE,ITC26MAY370PE,0.00,0.00,0.00,44.25,0.00,44.25,299.95,66.45,0,0,0,0.00,0,F1,1600,,,,,
2026-03-20,2026-03-20,FO,NSE,STO,117960,,ITC,,2026-05-26,2026-05-26,360.00,PE,ITC26MAY360PE,0.00,0.00,0.00,36.20,0.00,36.20,299.95,56.70,0,0,0,0.00,0,F1,1600,,,,,
2026-03-20,2026-03-20,FO,NSE,STO,117934,,ITC,,2026-05-26,2026-05-26,335.00,PE,ITC26MAY335PE,0.00,0.00,0.00,19.20,0.00,19.20,299.95,33.35,0,0,0,0.00,0,F1,1600,,,,,
2026-03-20,2026-03-20,FO,NSE,STO,50412,,ITC,,2026-04-28,2026-04-28,320.00,PE,ITC26APR320PE,18.65,21.75,14.40,20.00,21.10,22.65,299.95,20.00,652800,89600,136,73127440.00,107,F1,1600,,,,,
2026-03-20,2026-03-20,FO,NSE,STO,117528,,ITC,,2026-04-28,2026-04-28,287.50,PE,ITC26APR287.5PE,2.50,3.40,2.25,3.15,3.40,1.55,299.95,3.15,30400,30400,23,10676640.00,21,F1,1600,,,,,
2026-03-20,2026-03-20,FO,NSE,STO,117524,,ITC,,2026-04-28,2026-04-28,277.50,PE,ITC26APR277.5PE,1.65,1.85,1.15,1.85,1.85,2.35,299.95,1.85,51200,4800,17,7587760.00,15,F1,1600,,,,,
2026-03-20,2026-03-20,FO,NSE,STO,50382,,ITC,,2026-04-28,2026-04-28,260.00,PE,ITC26APR260PE,0.00,0.00,0.00,0.50,0.00,0.50,299.95,0.10,0,0,0,0.00,0,F1,1600,,,,,
2026-03-20,2026-03-20,FO,NSE,STO,119565,,ITC,,2026-03-30,2026-03-30,393.50,PE,ITC26MAR393.5PE,93.00,94.20,85.05,93.30,94.10,96.15,299.95,93.30,1723200,-115200,203,155836880.00,101,F1,1600,,,,,
2026-03-20,2026-03-20,FO,NSE,STO,50233,,ITC,,2026-03-30,2026-03-30,385.00,PE,ITC26MAR385PE,80.00,80.00,80.00,80.00,80.00,84.00,299.95,84.45,97600,0,1,744000.00,1,F1,1600,,,,,
2026-03-20,2026-03-20,FO,NSE,STO,50229,,ITC,,2026-03-30,2026-03-30,380.00,PE,ITC26MAR380PE,78.00,78.00,71.70,73.10,73.10,80.50,299.95,79.50,668800,3200,11,7981600.00,11,F1,1600,,,,,
2026-03-20,2026-03-20,FO,NSE,STO,119549,,ITC,,2026-03-30,2026-03-30,353.50,PE,ITC26MAR353.5PE,45.50,48.05,45.25,48.05,48.05,54.00,299.95,53.00,352000,-4800,11,7031280.00,11,F1,1600,,,,,
2026-03-20,2026-03-20,FO,NSE,STO,50195,,ITC,,2026-03-30,2026-03-30,340.00,PE,ITC26MAR340PE,40.25,40.25,32.40,33.80,33.80,42.25,299.95,39.55,1043200,-11200,15,8992720.00,14,F1,1600,,,,,
2026-03-20,2026-03-20,FO,NSE,STO,129544,,ITC,,2026-03-30,2026-03-30,321.00,PE,ITC26MAR321PE,17.30,17.70,13.55,17.70,17.70,20.50,299.95,20.65,744000,-20800,16,8604560.00,15,F1,1600,,,,,
2026-03-20,2026-03-20,FO,NSE,STO,50165,,ITC,,2026-03-30,2026-03-30,317.50,PE,ITC26MAR317.5PE,15.50,15.50,10.05,11.85,11.85,19.95,299.95,17.30,308800,-19200,81,42617840.00,81,F1,1600,,,,,
2026-03-20,2026-03-20,FO,NSE,STO,50132,,ITC,,2026-03-30,2026-03-30,280.00,PE,ITC26MAR280PE,0.40,0.55,0.20,0.45,0.50,0.75,299.95,0.45,1331200,9600,383,171782720.00,256,F1,1600,,,,,
2026-03-20,2026-03-20,FO,NSE,STO,50126,,ITC,,2026-03-30,2026-03-30,272.50,PE,ITC26MAR272.5PE,0.00,0.00,0.00,0.60,0.00,0.60,299.95,0.05,0,0,0,0.00,0,F1,1600,,,,,
2026-03-20,2026-03-20,FO,NSE,STO,50124,,ITC,,2026-03-30,2026-03-30,270.00,PE,ITC26MAR270PE,0.15,0.25,0.10,0.25,0.25,0.35,299.95,0.25,294400,-41600,80,34579040.00,47,F1,1600,,,,,
2026-03-20,2026-03-20,FO,NSE,STO,117921,,ITC,,2026-05-26,2026-05-26,305.00,CE,ITC26MAY305CE,0.00,0.00,0.00,29.85,0.00,29.85,299.95,9.50,0,0,0,0.00,0,F1,1600,,,,,
2026-03-20,2026-03-20,FO,NSE,STO,117919,,ITC,,2026-05-26,2026-05-26,300.00,CE,ITC26MAY300CE,14.15,18.75,14.15,15.15,15.15,14.15,299.95,15.15,20800,19200,18,9130000.00,18,F1,1600,,,,,
2026-03-20,2026-03-20,FO,NSE,STO,117915,,ITC,,2026-05-26,2026-05-26,290.00,CE,ITC26MAY290CE,0.00,0.00,0.00,41.30,0.00,41.30,299.95,17.90,0,0,0,0.00,0,F1,1600,,,,,
2026-03-20,2026-03-20,FO,NSE,STO,117902,,ITC,,2026-05-26,2026-05-26,260.00,CE,ITC26MAY260CE,0.00,0.00,0.00,68.20,0.00,68.20,299.95,42.95,0,0,0,0.00,0,F1,1600,,,,,
2026-03-20,2026-03-20,FO,NSE,STO,50453,,ITC,,2026-04-28,2026-04-28,365.00,CE,ITC26APR365CE,0.00,0.00,0.00,2.15,0.00,2.15,299.95,0.05,0,0,0,0.00,0,F1,1600,,,,,
2026-03-20,2026-03-20,FO,NSE,STO,50411,,ITC,,2026-04-28,2026-04-28,320.00,CE,ITC26APR320CE,3.05,4.60,2.90,3.10,3.30,2.85,299.95,3.10,2059200,422400,1812,938589840.00,1241,F1,1600,,,,,
2026-03-20,2026-03-20,FO,NSE,STO,129534,,ITC,,2026-03-30,2026-03-30,296.00,PE,ITC26MAR296PE,2.55,3.00,0.80,2.30,2.40,3.60,299.95,2.30,200000,-160000,752,357879840.00,529,F1,1600,,,,,
2026-03-20,2026-03-20,FO,NSE,STO,117546,,ITC,,2026-04-28,2026-04-28,332.50,CE,ITC26APR332.5CE,1.50,1.50,1.50,1.50,1.50,0.05,299.95,0.65,11200,0,3,1603200.00,1,F1,1600,,,,,
2026-03-20,2026-03-20,FO,NSE,STO,50423,,ITC,,2026-04-28,2026-04-28,335.00,CE,ITC26APR335CE,1.30,1.75,1.15,1.20,1.25,1.15,299.95,1.20,220800,-6400,111,59745440.00,82,F1,1600,,,,,
2026-03-20,2026-03-20,FO,NSE,STO,117557,,ITC,,2026-04-28,2026-04-28,347.50,CE,ITC26APR347.5CE,0.00,0.00,0.00,5.90,0.00,5.90,299.95,0.15,0,0,0,0.00,0,F1,1600,,,,,
2026-03-20,2026-03-20,FO,NSE,STO,117907,,ITC,,2026-05-26,2026-05-26,270.00,CE,ITC26MAY270CE,0.00,0.00,0.00,58.80,0.00,58.80,299.95,33.70,0,0,0,0.00,0,F1,1600,,,,,
2026-03-20,2026-03-20,FO,NSE,STO,117911,,ITC,,2026-05-26,2026-05-26,280.00,CE,ITC26MAY280CE,0.00,0.00,0.00,49.80,0.00,49.80,299.95,25.25,0,0,0,0.00,0,F1,1600,,,,,
2026-03-20,2026-03-20,FO,NSE,STO,117933,,ITC,,2026-05-26,2026-05-26,335.00,CE,ITC26MAY335CE,0.00,0.00,0.00,13.20,0.00,13.20,299.95,1.70,0,0,0,0.00,0,F1,1600,,,,,
2026-03-20,2026-03-20,FO,NSE,STO,50105,,ITC,,2026-03-30,2026-03-30,250.00,PE,ITC26MAR250PE,0.10,0.10,0.05,0.05,0.05,0.10,299.95,0.05,91200,-8000,13,5201920.00,12,F1,1600,,,,,
2026-03-20,2026-03-20,FO,NSE,STO,119490,,ITC,,2026-03-30,2026-03-30,263.50,PE,ITC26MAR263.5PE,0.10,0.15,0.10,0.15,0.15,0.30,299.95,0.15,40000,-54400,53,22355040.00,30,F1,1600,,,,,
2026-03-20,2026-03-20,FO,NSE,STO,50138,,ITC,,2026-03-30,2026-03-30,287.50,PE,ITC26MAR287.5PE,0.70,1.05,0.35,0.90,1.05,1.60,299.95,0.90,132800,-19200,35,16132720.00,34,F1,1600,,,,,
2026-03-20,2026-03-20,FO,NSE,STO,119505,,ITC,,2026-03-30,2026-03-30,318.50,PE,ITC26MAR318.5PE,16.00,19.25,11.00,18.50,18.60,20.20,299.95,18.50,254400,16000,61,32376640.00,58,F1,1600,,,,,
2026-03-20,2026-03-20,FO,NSE,STO,50202,,ITC,,2026-03-30,2026-03-30,347.50,PE,ITC26MAR347.5PE,0.00,0.00,0.00,19.05,19.05,19.05,299.95,47.05,3200,0,0,0.00,0,F1,1600,,,,,
2026-03-20,2026-03-20,FO,NSE,STO,50366,,ITC,,2026-04-28,2026-04-28,240.00,PE,ITC26APR240PE,0.00,0.00,0.00,0.40,0.40,0.40,299.95,0.05,6400,0,0,0.00,0,F1,1600,,,,,
2026-03-20,2026-03-20,FO,NSE,STO,117532,,ITC,,2026-04-28,2026-04-28,297.50,PE,ITC26APR297.5PE,5.25,7.50,3.85,6.80,7.20,3.00,299.95,6.80,107200,107200,106,51401680.00,62,F1,1600,,,,,
2026-03-20,2026-03-20,FO,NSE,STO,117558,,ITC,,2026-04-28,2026-04-28,347.50,PE,ITC26APR347.5PE,0.00,0.00,0.00,25.90,0.00,25.90,299.95,45.65,0,0,0,0.00,0,F1,1600,,,,,
2026-03-20,2026-03-20,FO,NSE,STO,117525,,ITC,,2026-04-28,2026-04-28,282.50,CE,ITC26APR282.5CE,0.00,0.00,0.00,45.30,0.00,45.30,299.95,20.75,0,0,0,0.00,0,F1,1600,,,,,
2026-03-20,2026-03-20,FO,NSE,STO,117541,,ITC,,2026-04-28,2026-04-28,322.50,CE,ITC26APR322.5CE,2.60,3.90,2.55,2.65,2.60,3.95,299.95,2.65,38400,35200,100,52109120.00,72,F1,1600,,,,,
2026-03-20,2026-03-20,FO,NSE,STO,117963,,ITC,,2026-05-26,2026-05-26,370.00,CE,ITC26MAY370CE,0.00,0.00,0.00,3.85,0.00,3.85,299.95,0.10,0,0,0,0.00,0,F1,1600,,,,,
2026-03-20,2026-03-20,FO,NSE,STO,50119,,ITC,,2026-03-30,2026-03-30,265.00,PE,ITC26MAR265PE,0.25,0.25,0.10,0.15,0.20,0.25,299.95,0.15,68800,0,60,25451760.00,17,F1,1600,,,,,
2026-03-20,2026-03-20,FO,NSE,STO,50134,,ITC,,2026-03-30,2026-03-30,282.50,PE,ITC26MAR282.5PE,0.50,0.65,0.25,0.55,0.65,0.35,299.95,0.55,33600,25600,42,19008400.00,42,F1,1600,,,,,
2026-03-20,2026-03-20,FO,NSE,STO,119495,,ITC,,2026-03-30,2026-03-30,283.50,PE,ITC26MAR283.5PE,0.30,0.70,0.25,0.65,0.70,1.05,299.95,0.65,185600,-11200,136,61758640.00,75,F1,1600,,,,,
2026-03-20,2026-03-20,FO,NSE,STO,50146,,ITC,,2026-03-30,2026-03-30,297.50,PE,ITC26MAR297.5PE,4.00,4.00,0.85,2.70,2.85,4.30,299.95,2.70,510400,4800,1342,643064720.00,950,F1,1600,,,,,
2026-03-20,2026-03-20,FO,NSE,STO,119503,,ITC,,2026-03-30,2026-03-30,313.50,PE,ITC26MAR313.5PE,13.40,14.80,6.85,13.85,13.90,15.65,299.95,13.85,798400,52800,152,78575200.00,134,F1,1600,,,,,
2026-03-20,2026-03-20,FO,NSE,STO,50176,,ITC,,2026-03-30,2026-03-30,322.50,PE,ITC26MAR322.5PE,21.90,21.90,14.65,15.85,15.85,25.00,299.95,22.15,345600,-32000,162,87869360.00,131,F1,1600,,,,,
2026-03-20,2026-03-20,FO,NSE,STO,50178,,ITC,,2026-03-30,2026-03-30,325.00,PE,ITC26MAR325PE,24.70,24.70,16.95,24.35,24.40,25.50,299.95,24.35,2052800,-585600,737,406177920.00,599,F1,1600,,,,,
2026-03-20,2026-03-20,FO,NSE,STO,129552,,ITC,,2026-03-30,2026-03-30,341.00,PE,ITC26MAR341PE,36.30,36.30,36.30,36.30,36.30,21.00,299.95,40.55,3200,-1600,1,603680.00,1,F1,1600,,,,,
2026-03-20,2026-03-20,FO,NSE,STO,50198,,ITC,,2026-03-30,2026-03-30,342.50,PE,ITC26MAR342.5PE,35.10,35.10,35.10,35.10,35.10,37.75,299.95,42.05,51200,-1600,1,604160.00,1,F1,1600,,,,,
2026-03-20,2026-03-20,FO,NSE,STO,129554,,ITC,,2026-03-30,2026-03-30,346.00,PE,ITC26MAR346PE,0.00,0.00,0.00,21.60,21.60,21.60,299.95,45.55,4800,0,0,0.00,0,F1,1600,,,,,
2026-03-20,2026-03-20,FO,NSE,STO,119546,,ITC,,2026-03-30,2026-03-30,348.50,PE,ITC26MAR348.5PE,0.00,0.00,0.00,49.00,49.00,49.00,299.95,48.05,73600,0,0,0.00,0,F1,1600,,,,,
2026-03-20,2026-03-20,FO,NSE,STO,117930,,ITC,,2026-05-26,2026-05-26,325.00,PE,ITC26MAY325PE,0.00,0.00,0.00,13.95,0.00,13.95,299.95,25.00,0,0,0,0.00,0,F1,1600,,,,,
2026-03-20,2026-03-20,FO,NSE,STO,50470,,ITC,,2026-04-28,2026-04-28,390.00,PE,ITC26APR390PE,80.00,87.50,78.75,86.85,87.50,87.00,299.95,86.85,460800,289600,187,140529920.00,77,F1,1600,,,,,
2026-03-20,2026-03-20,FO,NSE,STO,50434,,ITC,,2026-04-28,2026-04-28,345.00,PE,ITC26APR345PE,36.90,39.75,36.90,39.75,39.75,35.00,299.95,43.20,16000,9600,6,3675440.00,5,F1,1600,,,,,
2026-03-20,2026-03-20,FO,NSE,STO,129757,,ITC,,2026-04-28,2026-04-28,303.50,PE,ITC26APR303.5PE,7.10,9.50,5.50,9.50,9.50,8.90,299.95,9.50,32000,3200,10,4961440.00,9,F1,1600,,,,,
2026-03-20,2026-03-20,FO,NSE,STO,117520,,ITC,,2026-04-28,2026-04-28,267.50,PE,ITC26APR267.5PE,0.00,0.00,0.00,0.30,0.00,0.30,299.95,0.25,0,0,0,0.00,0,F1,1600,,,,,
